CustomerID,First_Name,Last_Name,Gender,Age,Email,Phone_Number,Location
17376.0,Megan,Arroyo,M,24,lgonzalez@crawford.org,+1-836-361-2414x282,New York
12872.0,Katherine,Cardenas,M,25,rebeccabrown@hotmail.com,001-766-638-1165,Chicago
17418.0,Robert,Osborne,F,44,waynebarnes@schultz-sims.org,766-567-6301x4580,Chicago
16523.0,Jonathan,Burgess,F,29,morgandevon@burgess.com,457-199-2091x63043,Washington DC
13890.0,William,Lopez,F,55,elliskaren@gmail.com,166-410-3480x1894,New Jersey
18062.0,Richard,Dunn,M,47,afranklin@hotmail.com,(333)411-3710,New Jersey
12764.0,Kristen,Coleman,M,67,rmiranda@hess.com,256.657.2990x3631,Chicago
15769.0,Kevin,Dodson,F,38,uphillips@cohen.com,819-476-3631x601,California
17618.0,Thomas,Thompson,M,47,reidwilliam@hotmail.com,542-290-3140x32696,Washington DC
15350.0,Brandy,Jackson,F,46,williamsalexis@beasley.biz,+1-517-916-7901x27643,California
13614.0,Rebecca,Hopkins,M,41,edwardslori@gmail.com,001-642-117-0422x623,Washington DC
16719.0,William,Moore,M,27,brandongutierrez@gmail.com,001-162-327-5991x060,California
12913.0,Juan,Rodriguez,M,18,uanderson@phillips.net,(445)888-1351x50386,New Jersey
16889.0,Katelyn,Gordon,F,56,jjohns@pugh.com,001-191-819-4060x98661,New York
12735.0,Christine,Hogan,M,37,qroberts@powell.com,(372)013-8284x973,New Jersey
15270.0,John,Jacobs,F,25,fowlereric@wall.com,(671)446-1886,Chicago
17007.0,Renee,Fischer,M,68,adam52@lane-brown.com,(911)243-7933x739,California
17551.0,Tonya,Baker,F,56,shannon77@fox.biz,346.488.3497,Chicago
12490.0,Lisa,Mitchell,F,21,ostone@gmail.com,+1-927-305-1762x700,New Jersey
12681.0,Rachel,Patterson,F,48,eddie12@gmail.com,339.836.0373x888,California
13709.0,Kyle,Ewing,F,55,hnewman@jones.info,001-658-710-7313x872,Washington DC
13593.0,Jessica,Robbins,F,59,julie97@hotmail.com,198-805-0429x1856,New York
14779.0,Rachel,Shah,M,23,kimberlyjohnson@yahoo.com,799.941.1753x01868,New Jersey
12651.0,Gabriella,Medina,M,34,laura03@hotmail.com,001-395-675-4671,New Jersey
15827.0,Thomas,Spencer,F,44,brodriguez@sanchez.com,(843)322-5757x44075,New York
15078.0,Craig,Branch,F,49,dunlaphector@yahoo.com,(935)023-1562x316,New Jersey
13082.0,Ryan,Lee,F,24,aavila@gmail.com,001-549-526-0921,California
17671.0,Cheryl,Patton,M,43,wnewton@lang.com,7038375568,California
13829.0,Robin,Moody,F,29,marissadominguez@hotmail.com,(593)144-2035x472,New Jersey
13769.0,Tammy,Kirk,M,35,robinmann@hotmail.com,(189)812-6660,California
14850.0,Thomas,Brady,F,49,ustewart@bradley-grimes.com,946.123.8569x284,New Jersey
18145.0,Michelle,Moore,M,49,yyoung@yahoo.com,(968)645-9060x497,New Jersey
15290.0,Jorge,Guerrero,F,38,jonathanallen@glenn.com,001-632-136-2498x734,Washington DC
14692.0,Linda,Bradshaw,M,44,marcthomas@yahoo.com,338-530-9449x7848,New York
15752.0,Ana,Elliott,M,57,englishsean@holt.com,(651)025-1134x6970,California
14672.0,Alexis,Ward,F,68,fernandezrebecca@price-hunt.com,+1-605-174-3576x7045,New York
13680.0,Jennifer,Herring,F,28,jessica03@gmail.com,759-493-9391,Washington DC
14428.0,Raymond,Hoffman,F,56,gmiller@barker-barnes.com,540.376.6582,Chicago
12838.0,Mallory,Jenkins,F,22,boyerdarin@gmail.com,218.943.5541x6818,New Jersey
13136.0,Elizabeth,Mendez,M,57,kathryngilbert@hotmail.com,+1-634-223-2134x4081,California
13426.0,Aaron,Brock,M,33,amy67@yahoo.com,(499)511-6182x07932,Chicago
15867.0,Tristan,Perez,M,31,barberwendy@davis.org,(649)667-1241x17747,Chicago
16503.0,Mikayla,Smith,M,53,santanajimmy@gmail.com,+1-958-342-7061x2307,California
17035.0,John,Rice,M,56,christopher96@anderson.org,855.899.7543x0895,Chicago
12468.0,Mark,Pugh,M,29,kenneth29@taylor.com,275-298-6712,New Jersey
13939.0,Monica,Frazier,F,57,dustin94@gmail.com,216.470.8586x0849,New Jersey
14688.0,James,Mccoy,M,29,rachelbeck@gonzalez.com,+1-490-924-2477x97407,New Jersey
15326.0,Ashley,Burton,M,66,wgregory@hotmail.com,221-036-0363,Washington DC
13786.0,John,Crawford,M,54,roachholly@hotmail.com,834-889-8396,Chicago
17017.0,Tammy,Simon,F,36,adamthomas@gmail.com,+1-211-969-3490x17975,New Jersey
15454.0,Linda,Wright,M,29,fmartinez@williams.com,+1-600-381-8025x530,Washington DC
14047.0,Seth,Snow,F,69,elizabeth73@hotmail.com,001-342-125-1009x144,New Jersey
14410.0,Christopher,Hill,M,52,craighenry@yahoo.com,(975)251-9833x82294,New Jersey
16042.0,Luke,Duffy,M,34,justinlong@gmail.com,(249)033-2644,California
16422.0,William,House,F,46,finleyrebekah@gmail.com,+1-302-236-0971,New Jersey
16048.0,Sarah,Miller,M,27,qthomas@herrera.com,(180)563-1187x22867,New Jersey
15346.0,Daniel,West,M,55,ymccann@hotmail.com,001-480-956-9535x5867,New Jersey
12524.0,Andrea,Manning,F,26,marissa66@martinez.com,759.663.2633,New Jersey
15211.0,Jasmine,Cole,F,35,christina89@clark-harris.com,400.687.1504,New Jersey
16409.0,Amy,Hicks,M,66,rmartinez@curry-jackson.com,+1-333-148-0102x461,New York
16670.0,Lisa,Roman,M,62,codygray@clay.com,(370)284-9924x30857,New York
14665.0,Amber,Bush,F,46,travislee@palmer.com,1095185766,Washington DC
12402.0,Tamara,Rubio,F,43,qhancock@hotmail.com,463-907-2644x849,Washington DC
13068.0,Carrie,Martin,F,48,belltina@gmail.com,(681)905-7431,Washington DC
15288.0,Briana,Mclean,F,55,scottholmes@petersen.com,829.822.5507x731,New York
13999.0,Sean,Reilly,M,48,rdavis@hotmail.com,+1-293-627-0623x9816,Washington DC
15858.0,Caitlyn,Walters,M,36,umurphy@hotmail.com,8902874488,California
17180.0,Paul,Shepard,F,30,mendezmargaret@yahoo.com,190.039.5028x9791,Chicago
17690.0,Barbara,King,M,19,michelleortiz@vincent.com,001-855-855-4957x836,California
16927.0,Kelly,Macias,F,45,jocelyn21@morris.com,5561327874,Chicago
15262.0,Jaime,Ayala,F,28,adrienne66@johnson-alexander.com,001-858-203-4517x26813,Chicago
14810.0,Jacob,Lynch,M,21,mariaburns@richards.biz,821-463-8815,New Jersey
13846.0,Chloe,Davis,F,34,darrylmoore@yahoo.com,092-202-2242,Washington DC
17674.0,Diane,Johnson,F,45,maryevans@yahoo.com,990.925.5689,Chicago
17223.0,Thomas,Smith,M,24,deborah11@sanchez-williams.org,001-829-584-2671x242,New Jersey
14457.0,Christopher,King,M,18,vunderwood@scott.com,001-574-307-6043x8193,California
15298.0,Katherine,Farmer,F,25,stephaniesantos@sanchez.com,(324)152-9911x181,New Jersey
15996.0,Nancy,Hughes,M,43,carlosramirez@dean-ray.com,001-363-851-1985,Chicago
17969.0,Sandra,Rowe,M,21,ericksondonald@yahoo.com,+1-596-963-7011,New Jersey
13030.0,Megan,Garrett,M,54,marvin66@terrell.com,7951411233,New Jersey
16779.0,Rachael,Price,M,62,watkinsdouglas@lewis.com,+1-071-337-3923,California
16442.0,Sandra,Beard,M,39,jenniferbaldwin@hotmail.com,001-332-313-2718x475,California
14161.0,Amber,Johnson,M,67,kennethwallace@hotmail.com,(224)494-8432,Chicago
14701.0,Peter,Marshall,F,26,laurengreen@yahoo.com,(007)272-1556,New Jersey
12414.0,Janet,Gallegos,M,65,dustin06@west.net,143.287.1797,New York
15465.0,Joshua,Martinez,F,56,kcarr@hotmail.com,+1-406-504-3313x26711,New Jersey
13011.0,Lisa,Page,F,60,maryadams@zimmerman-gonzalez.info,+1-649-849-9876x792,Chicago
17239.0,Melissa,Murphy,F,51,fanderson@yahoo.com,001-370-195-2161x726,New York
13649.0,Patty,Johnson,M,54,clarkjose@valencia.com,(083)821-9622,New Jersey
16387.0,Brittany,Wells,M,22,markchan@gmail.com,456-342-8996x13238,California
14467.0,Stephanie,Boyd,F,45,michaelle@alexander-mcdaniel.com,409-634-5972x93801,Chicago
13747.0,Bethany,Williams,F,31,lortiz@gmail.com,+1-898-604-5007x6636,New Jersey
12924.0,Shannon,Knight,F,31,aanderson@trevino.biz,001-952-645-5152x159,California
17236.0,Donna,Reed,F,59,sbrown@jackson.com,360.132.6231x73362,Chicago
13137.0,Wendy,Smith,M,26,aaronmorgan@chavez-gonzalez.com,6809017299,New York
15224.0,Sabrina,Lee,F,24,amy76@gmail.com,001-702-478-4835x968,New York
14978.0,Laura,Rodriguez,M,48,rodriguezjenny@gardner-mason.com,198-165-8830,Chicago
12388.0,Christopher,Fernandez,F,30,gardnerkeith@sanchez.com,767-849-4220,California
16730.0,Chloe,Williams,M,52,gabrielscott@hotmail.com,001-224-059-6620x2619,New York
12431.0,Tom,Hebert,M,21,kbush@castro.com,879-582-2072x30537,Chicago
14320.0,Crystal,Kirk,F,58,christopher63@cummings-perez.org,+1-984-931-3432,New Jersey
14527.0,Megan,Landry,F,34,ronalddrake@hotmail.com,+1-041-769-9589,Chicago
13328.0,John,Edwards,F,23,justinpalmer@yahoo.com,+1-308-441-4608x61233,Chicago
13527.0,Jessica,Whitehead,F,58,melvin22@gmail.com,(586)366-5534,Chicago
12347.0,Dave,Joyce,M,47,dawn57@hotmail.com,520-167-3359x1252,California
12437.0,Jeffrey,Hubbard,M,40,andrewgarcia@hotmail.com,(936)337-0605x805,Washington DC
12502.0,Laura,Hill,M,55,lisabean@rivera.info,+1-140-904-7730x56861,New Jersey
14068.0,Marvin,Lambert,M,41,alexander93@gmail.com,613-286-3094,California
15361.0,Lisa,Larson,M,54,donnaball@hotmail.com,924-420-1631,Chicago
16156.0,Craig,Powell,F,61,jared60@hotmail.com,670.064.3191,New Jersey
12523.0,Dustin,Torres,M,52,jocelyn03@hotmail.com,001-841-765-3865,California
12724.0,Heidi,Brown,F,24,gcole@hotmail.com,6068899000,New York
14441.0,Brandon,Martinez,M,24,haaschristopher@yahoo.com,430.413.6934,New Jersey
13831.0,Audrey,Anderson,M,42,sharrington@hotmail.com,+1-576-950-0194,Washington DC
14865.0,Renee,Castillo,F,30,todd68@burton.com,001-468-276-6494,Washington DC
16473.0,Amanda,May,M,35,raymondsummers@yahoo.com,4525575786,New Jersey
13145.0,Erin,Gallagher,M,49,tkelley@yahoo.com,(754)239-9726,New Jersey
14085.0,Anthony,Williams,F,66,benjamin77@jones-perez.com,0723837796,Chicago
13230.0,Cynthia,Colon,M,55,vjohnson@white.com,(618)085-4885,Chicago
17368.0,Catherine,Williams,F,18,sherryjohnson@mayo.biz,(653)170-1505,Chicago
16928.0,Barbara,Peters,M,28,keithalexander@hotmail.com,(192)168-6166x2616,New Jersey
15945.0,Peter,Manning,F,67,timothyhuang@guerrero.com,962-536-8631x35076,Washington DC
16926.0,Mitchell,Welch,M,62,peter94@yahoo.com,(687)627-5429x83216,New York
15862.0,Tina,Herring,M,22,browndebra@yahoo.com,(723)462-2023,Washington DC
16781.0,Benjamin,Cooper,F,49,jschultz@gray.biz,145-728-1793,Chicago
13013.0,Andrew,Willis,F,28,nortonchristopher@phillips.com,(662)989-6123x76604,California
14090.0,Susan,Miller,M,47,moorebrittney@harrison.org,(687)218-8478,Washington DC
15555.0,Jackson,Castro,M,51,mezaann@jones.org,(942)486-6048x09843,Chicago
17980.0,David,Li,M,59,lorimichael@miller-wells.info,7819995089,New Jersey
12441.0,Jason,Harris,M,66,taylornathan@dixon-miller.net,(336)540-3984,New York
14206.0,Lauren,Green,M,31,clintonmoody@kemp-rice.com,395-265-1445,California
15197.0,Sharon,Graves,F,37,john12@hotmail.com,001-185-098-4771x7700,Washington DC
12583.0,Andrew,King,F,59,jill58@yahoo.com,(621)036-6805,Chicago
16327.0,Ronald,Green,M,30,smithjonathan@schwartz.com,001-988-986-2709x36942,Washington DC
16186.0,Craig,Walls,F,62,restrada@yahoo.com,(707)710-8952x55752,New York
12346.0,Jordan,Lutz,F,69,jacksondiane@morris.info,(620)650-9878x7212,California
16244.0,Jeffrey,Moore,M,61,manuel19@vaughn.com,(159)305-0188x5850,Washington DC
17730.0,Deborah,Mccullough,M,34,cgrant@hotmail.com,+1-645-961-1259,New York
15370.0,Michael,Tran,M,68,phillipburch@yahoo.com,(616)181-4286x263,California
15835.0,Henry,Johnson,F,55,samanthawilliams@yahoo.com,218-498-0661x3251,Washington DC
16016.0,William,Richards,M,32,deborah04@rios.com,(375)874-7470,Chicago
13033.0,Benjamin,May,F,54,sara81@gmail.com,1749469153,New York
16407.0,Craig,Johnson,F,68,monicabishop@gmail.com,+1-364-659-5077x2534,Chicago
12738.0,Vanessa,Todd,F,22,lisa04@gmail.com,654-478-7956x10043,New York
14142.0,James,Meyers,F,68,markwu@aguilar.com,982.217.8569,Chicago
16134.0,Michael,Jones,F,65,qliu@watkins-nixon.com,(557)745-0600x853,Chicago
16143.0,Jessica,Wong,F,18,wisealvin@yahoo.com,+1-826-626-4223,Washington DC
16110.0,Mary,Bryant,F,67,obooth@becker.biz,(936)988-0147,Washington DC
16948.0,Samantha,Allen,F,55,christinasnyder@martin-shelton.biz,(432)205-5441x05100,Chicago
14849.0,Gary,Ellis,F,29,johnnyhaynes@gmail.com,236.149.8260,New York
16515.0,Emily,Moore,M,62,rhonda21@wright.com,327.025.5657x55808,Washington DC
15422.0,Tammy,Cook,F,23,amanda67@yahoo.com,001-833-622-6009,Washington DC
12726.0,Brian,Rios,F,58,catherine44@mitchell.net,(473)066-7063x6607,Chicago
16996.0,Erica,Alvarez,F,64,pnelson@bowen-sanford.biz,211.151.0182,New York
16235.0,Megan,Peters,F,34,jennifer00@shelton-price.net,273-335-9514x9871,Chicago
13047.0,Matthew,Stephens,M,34,jwarren@hotmail.com,163-482-4763,New Jersey
15502.0,John,Hoover,M,28,lindafischer@hotmail.com,001-797-602-5894x130,Chicago
15646.0,Candice,Cooper,M,23,kylejones@gmail.com,299-423-5401x780,New York
13304.0,Scott,Hess,M,41,ffuller@mathis-dalton.com,1803290520,Washington DC
16705.0,Gregory,Miller,F,65,travis83@gmail.com,951-828-8530,Washington DC
13764.0,Thomas,Patterson,F,21,phillip89@gmail.com,001-047-700-6856x21383,California
15660.0,Robert,Gomez,F,56,williamthomas@yahoo.com,281.172.0923x4437,Chicago
14180.0,Ashley,Hayes,M,66,johnsonthomas@mills.com,001-542-160-8730,Washington DC
16551.0,William,Bass,F,36,turnersamantha@yahoo.com,6199785975,New Jersey
17602.0,Larry,Hunt,M,48,riveranicole@hotmail.com,300-355-3875x52292,Washington DC
15864.0,Michael,Archer,M,34,diane95@townsend.info,+1-536-565-5500x069,New Jersey
13155.0,Mary,Hensley,F,49,fchen@yahoo.com,688.233.4319x07746,Washington DC
12868.0,John,Wilson,M,60,freynolds@yahoo.com,666-518-0441x969,Washington DC
17126.0,Ann,Stewart,M,65,wpacheco@fuller-lee.com,588.848.6931x714,New York
17820.0,Alexander,Johnson,F,39,smorris@cooper-martin.com,225.459.4933x9623,Washington DC
16493.0,Judith,Gross,F,51,tylerdavis@hotmail.com,019-112-7409,New Jersey
14146.0,Matthew,Smith,M,28,grant52@yahoo.com,(621)944-9973,New York
12967.0,Brandon,Blackwell,M,62,rodriguezmarc@yahoo.com,916-142-8363,Washington DC
15226.0,Juan,Lee,F,49,melissa03@hotmail.com,917.939.9381,New York
16752.0,John,Gutierrez,M,37,geoffreygrant@yahoo.com,+1-696-158-1602x210,Washington DC
17211.0,Stephanie,Brown,M,20,marquezpaula@rodriguez.info,(768)592-3196x9795,California
17634.0,Michael,Collins,M,37,jasminebrown@gmail.com,(199)450-2104x9851,New York
16510.0,Keith,Price,F,49,conleycathy@campbell.org,001-831-777-3083,New Jersey
15545.0,Michael,Williams,M,68,melissayoder@barrera-schmidt.com,535-613-2889x6916,California
12577.0,Stacey,Saunders,M,37,deborahpowell@gmail.com,020.281.8795x740,Washington DC
17314.0,Cynthia,Dawson,M,57,lewisabigail@lowe-bryant.com,965.494.8783,Washington DC
14761.0,Christine,Howard,F,57,trobles@yahoo.com,(646)953-1372x03368,California
16326.0,Jennifer,Conley,M,51,michaelporter@brown.biz,610.667.2996,Chicago
15110.0,Paul,Jones,F,62,karen15@gonzalez.net,+1-292-211-0848x3040,California
13008.0,Robert,Brown,M,62,ldalton@hotmail.com,001-404-246-9404,New Jersey
13869.0,Debra,Kelly,F,48,kim09@hotmail.com,727.068.7145,Washington DC
14506.0,Aaron,Winters,F,57,james81@gonzales-rodriguez.info,7489021373,New York
18109.0,James,Avila,F,30,ystewart@yahoo.com,001-248-960-2470x768,Chicago
14078.0,Matthew,Chambers,F,34,victoria28@rojas.com,094-359-8882x8629,New York
15626.0,John,Hart,M,34,hoffmanandrew@hubbard.com,559.885.5955x299,California
16882.0,Dana,Lara,F,24,elizabeth10@gmail.com,906-079-3866,Washington DC
15606.0,Nicholas,Gutierrez,M,22,stephanie89@rollins.com,639-570-9741x0786,New Jersey
15641.0,Nancy,Johnson,F,63,blackwelljoann@hernandez-harris.org,001-954-061-8650x975,California
14113.0,Ashley,Lang,F,38,karen47@mills-henry.com,880-491-8708,California
15111.0,Robert,Lee,M,48,vmoody@yahoo.com,+1-335-780-0046,New York
15164.0,Richard,Hughes,M,30,wbraun@yahoo.com,(683)403-2757x36513,New York
13672.0,Jacqueline,Howard,M,51,maryreeves@powell-stevenson.com,001-090-731-5227x4850,Washington DC
12708.0,Robert,Martinez,F,44,klee@everett.com,376-797-0617,New York
12782.0,Eileen,Bell,F,36,dorismartinez@hamilton.com,+1-156-222-5631x646,Chicago
15312.0,Brandon,Thompson,M,24,warnervirginia@sharp.com,031.095.7935,Washington DC
18223.0,Sean,Gilbert,F,20,michael16@martinez-berry.net,4229403404,New Jersey
15894.0,Jonathon,Valdez,F,44,kathrynhudson@mitchell.com,001-419-166-8759,Chicago
15144.0,Eric,Smith,M,64,gregorywatts@sparks-nguyen.info,001-419-294-9028x6836,California
17373.0,Allison,Bryant,M,43,websterrandy@gmail.com,(629)197-5889,New York
14401.0,Tony,Spencer,M,31,ryan35@lawrence-murphy.info,+1-420-099-6654x7591,New Jersey
16378.0,Anna,Savage,M,45,john05@yahoo.com,633-509-5583x93528,Washington DC
15967.0,Karla,Crawford,F,55,castrosherry@conner.com,(167)367-6940x2961,New York
18178.0,Nicole,Miller,F,63,erin71@fuentes-nelson.com,001-693-265-7902,Chicago
13089.0,Troy,Williams,M,39,ztrevino@shepherd-anderson.com,851.530.9406x4958,California
17519.0,Larry,Atkins,F,61,catherine77@gmail.com,518-808-6167,California
13050.0,Steven,Gibbs,F,23,robertjohnson@gmail.com,350.868.7889x96303,New York
16553.0,Lisa,Garrison,F,67,fisherkatherine@kane-mclean.com,4486756616,Washington DC
14741.0,Nancy,Baker,F,43,david85@hotmail.com,473.094.6836x156,Washington DC
16771.0,Lisa,Wong,F,30,davisdaniel@fritz-robbins.com,806.730.2889x8938,New York
14194.0,Jacob,Davis,F,24,wrivera@king.com,748.731.3883,New York
12766.0,Yvonne,Serrano,M,65,ohamilton@hotmail.com,001-538-785-4214x8446,New York
12647.0,Cynthia,Cook,F,27,boydcaitlin@yahoo.com,779-659-9816,New Jersey
17925.0,Christopher,Friedman,F,28,stephaniehart@yahoo.com,+1-414-048-1137x263,New York
14867.0,Jessica,Ruiz,F,26,jessicacampbell@gomez.com,(745)272-4209x468,New Jersey
16550.0,Valerie,Johnson,M,44,jennifer92@yahoo.com,(086)680-3556,Chicago
13451.0,Richard,Stout,F,34,morrowsara@miller-rhodes.com,(543)754-9529x0042,New York
17231.0,Erika,Garrett,F,49,mariochavez@moran.com,1692297143,New York
17457.0,Leslie,Mitchell,F,48,nparsons@brown.org,253-823-9036x049,Washington DC
16153.0,Jason,Johnson,F,55,travisbarrett@carter.com,755.778.1491x401,New York
13807.0,Jennifer,Bennett,F,56,stephensonchristine@hotmail.com,+1-009-175-7857,New Jersey
12471.0,Aaron,Moore,M,66,beverlysmith@yahoo.com,795-066-0279x9348,New Jersey
15910.0,Mackenzie,Kelley,F,24,murphyjoshua@yahoo.com,001-437-559-7628,New York
14016.0,Allison,Thomas,F,66,anne50@smith.biz,+1-186-719-3496,New Jersey
16034.0,Connor,Thompson,M,24,bhall@marshall.org,169.379.8394,New York
14653.0,David,Mccall,M,19,wongalexander@gmail.com,4665403463,Chicago
12370.0,Debra,Bowman,F,65,phillipharper@robinson.com,001-150-275-0881x046,New Jersey
17908.0,Morgan,Sanchez,F,19,kvelasquez@yahoo.com,687.210.9965x384,New Jersey
15426.0,Joshua,Koch,F,39,crystal83@cain.biz,(859)782-0743x537,New Jersey
13081.0,Tiffany,Weber,M,64,monroejames@yahoo.com,970-597-5494x79588,New Jersey
13703.0,Craig,Dougherty,F,18,jasongonzalez@todd-rivera.com,001-118-294-9741x1235,New York
15101.0,Melissa,Webb,M,40,barbaraperry@landry.org,(384)638-1470,New York
15266.0,Randy,Barron,F,54,laurafloyd@yahoo.com,522.873.3602x24108,Chicago
13317.0,Christopher,Gregory,M,44,annramos@hotmail.com,600-023-3048x760,New York
12348.0,Joshua,Williams,M,38,schneideralicia@gmail.com,+1-819-593-2931x1750,New Jersey
14201.0,Shawn,Allen,M,38,uwalker@gmail.com,(262)337-8487x078,Chicago
13993.0,Laura,Campbell,F,57,nicholeturner@wilson-harvey.net,(846)394-9164x0010,California
15443.0,Michelle,Jackson,F,52,wscott@taylor-robertson.info,204-209-3827,Washington DC
14307.0,Dennis,Allen,F,67,xhensley@gmail.com,001-054-738-5695x713,Chicago
17735.0,Abigail,Perez,F,64,james14@watson-carter.com,001-170-341-6586,Washington DC
13552.0,Debra,Johns,F,48,justin53@krause.com,951-988-9013x7069,New Jersey
14037.0,Michael,Ford,M,45,nicholsjohn@gmail.com,345.051.0528,California
17381.0,Monica,Walter,F,54,ijohnson@hotmail.com,540.383.9718,Washington DC
17001.0,Joshua,Taylor,F,27,qcohen@harris.com,485.499.3075x672,Chicago
17358.0,Andrew,Cunningham,F,26,harry14@hotmail.com,813.585.5965x8818,New York
13502.0,Billy,Smith,M,38,toddphillips@hotmail.com,+1-425-372-4125,Washington DC
15922.0,Erin,Conrad,F,41,woodsjames@adams-murphy.com,480-071-0580,New York
17339.0,Angela,Smith,F,66,wmontoya@anderson.info,(884)073-1803x55282,Washington DC
14321.0,Stacey,Price,F,57,timothy40@yahoo.com,001-607-197-9502x4283,New Jersey
17204.0,Sheena,Solis,M,61,ewatkins@melton.com,962.359.7025,New York
17708.0,Renee,Cooke,F,60,lmcmahon@hooper-blankenship.org,(119)657-8951x50754,California
15379.0,Bobby,Smith,F,31,aandersen@richardson.com,+1-824-161-8192x1323,Chicago
14514.0,Kara,Holloway,M,65,kennethwashington@reynolds.org,001-644-070-3770,California
14784.0,Jacqueline,Hicks,F,27,howard05@garcia.org,285-964-2980,Washington DC
17760.0,Diana,Johnson,M,45,navarropatricia@fitzgerald.net,001-554-242-8523x70724,Washington DC
12626.0,Jennifer,Waters,F,44,matthew91@gmail.com,001-609-861-2611x36424,California
15658.0,Raven,Rodriguez,F,55,tgreen@robinson-chapman.com,001-726-346-8301x753,Washington DC
16817.0,Danielle,Carr,M,52,prattshannon@gmail.com,(601)583-8357x3713,New Jersey
16782.0,Nathan,Osborne,M,24,gonzalesjeanne@king-smith.com,(567)382-8166x495,Chicago
17722.0,Amanda,Nunez,F,59,jessica56@smith.org,883.455.3159x214,New Jersey
15882.0,Jared,James,F,63,bleon@hotmail.com,106.859.6282,New York
14175.0,Brenda,Johnson,F,55,andrew21@williams.com,038-706-1833x673,Chicago
18277.0,Alan,Graham,F,24,john91@contreras.com,(522)526-8555,Chicago
15984.0,Edward,Mcintyre,F,39,murraycynthia@lewis-swanson.info,(276)275-2900x7431,Washington DC
12672.0,Mathew,Cook,M,21,michellejackson@lozano.com,9773392934,New York
13405.0,Kristine,Wright,F,29,kscott@doyle-herrera.info,001-806-088-7631x595,California
17976.0,Jennifer,Taylor,M,60,davidlewis@garcia.com,938.711.0288,New York
14497.0,Matthew,Dixon,F,29,cchavez@smith-jensen.net,876-721-4947x28299,California
17720.0,Christine,Ferguson,F,47,davidevans@yahoo.com,486-875-7897x27691,New York
13021.0,Blake,Jones,F,32,ellisashley@yahoo.com,(929)033-2387x85239,New York
16656.0,Frank,Russell,M,37,joann59@hotmail.com,001-665-386-9135x49860,California
17802.0,Tina,Hopkins,F,44,shannon19@yahoo.com,075.452.6468,New Jersey
13327.0,Keith,Church,F,61,moranmichelle@hotmail.com,(269)073-4942,Washington DC
16600.0,Ralph,Reynolds,M,34,randallwendy@wall-garcia.com,163.164.3489,Washington DC
17525.0,Amy,Graham,M,53,smithkaitlyn@black.info,620.789.6172x88266,Washington DC
15456.0,Kelly,Ruiz,F,35,meredith84@gonzalez-garner.org,8045551345,California
15048.0,Timothy,Walker,F,34,aparker@hotmail.com,229-324-7672x050,Washington DC
18095.0,John,Foster,F,28,petersonchristopher@yahoo.com,139-024-0389x01020,Chicago
17732.0,Brandon,Brewer,F,27,lisa49@hotmail.com,922.443.5819x5059,New York
12540.0,Hayden,Sanders,M,53,andreagibson@alvarez-miller.com,054-472-2847,California
12356.0,Alexandra,Perkins,M,43,michael55@reyes.com,001-117-542-4514x5560,California
17530.0,Chad,Houston,F,44,gwilliams@yahoo.com,(296)040-6536,Chicago
13455.0,Richard,Bolton,M,69,katherine51@yahoo.com,327-356-0036x735,New York
14608.0,Mark,Dyer,M,33,lguerra@nolan-phillips.com,+1-354-946-4218x6064,Washington DC
17863.0,Robert,Watson,M,45,griffinjohn@gmail.com,118.932.5959x99067,California
12853.0,Cory,Johnson,M,22,jameslaura@hancock.com,001-127-038-3827x5149,California
18144.0,Regina,Carr,M,56,jason27@gmail.com,+1-271-991-8887x28588,California
14213.0,Thomas,Wells,F,39,bakerderrick@gmail.com,986-125-7367x80902,California
17799.0,Mary,Young,F,57,xwarren@hotmail.com,+1-628-962-6143x2372,California
17262.0,Theresa,Williams,M,67,cookbreanna@yahoo.com,303.040.8058x3783,California
12557.0,Matthew,Morris,F,41,brandonmeyer@yahoo.com,001-154-332-1659x744,Chicago
12574.0,Timothy,Yates,M,62,hflores@baldwin.net,(090)891-6570,California
15749.0,Holly,Maynard,M,56,wilkinsamber@hernandez-baldwin.org,(462)370-1284x79574,New Jersey
17406.0,Ronald,Rodriguez,M,61,chamilton@yahoo.com,399-866-5462,New York
16315.0,Kevin,Rich,M,61,wardemma@peterson.com,(764)343-0205x68238,New York
17870.0,Jessica,Williams,M,40,wendygeorge@martin.com,+1-630-113-1064x9922,Washington DC
12721.0,Patricia,Reeves,F,46,tayloramy@price-wood.com,001-293-579-8757x52435,California
12383.0,Samantha,Johnson,F,64,briannasmith@peterson-downs.com,073.296.1809x11458,California
14411.0,Courtney,Fisher,F,61,ortizmichael@hotmail.com,(816)192-8743x591,Chicago
13140.0,Nicholas,Berg,F,24,jasonwarren@hotmail.com,001-601-797-2614,New Jersey
12474.0,Terri,Long,F,31,floresbrandi@oliver.info,+1-402-585-4973x979,New York
14389.0,Danielle,Middleton,F,31,alopez@yahoo.com,711.437.5319,New York
17284.0,Cameron,Reeves,F,35,edward25@townsend-brooks.com,725-893-7253x13672,Washington DC
12649.0,Christopher,Munoz,M,58,lori63@gmail.com,400.323.9533x7478,California
15447.0,Kara,Martin,F,48,briddle@flynn.com,001-634-361-2165x10026,Chicago
17567.0,Bruce,Peterson,F,22,alexandertanya@stokes.biz,638-711-8215x3945,Washington DC
12393.0,Alan,Jenkins,M,36,ryanpitts@hotmail.com,062.472.6419,Washington DC
17198.0,Phillip,Lawrence,F,66,fmendez@greene-mcgrath.biz,001-422-260-6491,Washington DC
18085.0,April,Ferrell,M,20,gregory51@dean.com,(588)042-0808x5497,Chicago
13209.0,Shane,Campbell,F,45,andrew75@lin-romero.com,018.489.9047x7230,Chicago
17540.0,Tracy,Gordon,M,26,henryderrick@gmail.com,057.211.2620x6632,California
16686.0,Brenda,Mahoney,F,61,roycindy@hotmail.com,(210)292-9438x243,Chicago
14388.0,Erin,Reed,M,33,walkerlaura@anderson-king.org,0619853308,Washington DC
17059.0,Rodney,Fuller,F,69,rachelprice@booth.info,4159513598,California
16754.0,Micheal,Miranda,M,41,garnerrandy@cooper-salinas.com,445.709.8455,Washington DC
18125.0,Vanessa,Mccoy,F,65,randy93@yahoo.com,+1-306-902-4970,Washington DC
14565.0,Jose,Molina,F,48,tylerdavid@doyle.biz,811-370-0963x5676,New York
13178.0,Kimberly,Gonzalez,M,31,hannah61@nelson-hernandez.com,+1-172-888-1084x0715,Chicago
14062.0,Ryan,Bernard,M,46,frankclark@hotmail.com,203-021-8796,New York
15199.0,Michael,Thompson,F,64,garciawhitney@andrews-campbell.com,258.939.9377x830,New York
15953.0,Caleb,Silva,F,32,daniel45@hotmail.com,8036020245,Washington DC
13187.0,Michelle,Phillips,F,68,yusharon@gmail.com,075.799.3855,Chicago
17343.0,Jacqueline,Walters,M,64,jessica97@wu-matthews.com,529-107-0513x229,Washington DC
14625.0,Rebecca,Carter,M,63,qhenderson@watkins.net,001-181-542-9440,New Jersey
14031.0,Shannon,Reynolds,M,51,billymartinez@yahoo.com,(675)228-8263x318,Washington DC
15628.0,Erica,Fleming,M,22,lisa89@ross.com,001-927-841-2902,Washington DC
17230.0,David,Adams,M,28,marcuspeters@williams.com,732-995-8038x6870,Chicago
13705.0,Raymond,Luna,M,36,nicolehudson@hotmail.com,001-901-300-5307x083,Washington DC
14133.0,Jared,Reed,F,54,fclark@villa.com,254-370-0994x756,Washington DC
12423.0,Bobby,Anderson,M,26,jasoncharles@gonzalez-harris.net,(540)105-7723x11246,New York
13656.0,Stacy,Austin,F,27,nespinoza@hotmail.com,001-018-748-9943x122,Washington DC
13162.0,Jason,Martin,M,64,melissa54@hall.org,+1-021-919-8487x602,Chicago
17220.0,Dustin,Jordan,M,31,ryan10@murphy.org,937.699.6439,New York
12728.0,James,Ross,M,30,allenkristin@hotmail.com,001-806-625-1313x5622,California
13310.0,Nicholas,Jones,F,47,myersedward@walker-young.com,170-517-1681,California
12678.0,Amy,Page,M,32,jwoods@coleman.com,001-315-884-6442x065,Washington DC
13458.0,Edward,Becker,F,58,gregg41@hayes-david.info,595-631-2528,New York
14769.0,Vanessa,Strickland,F,31,clee@hotmail.com,+1-051-688-0628x173,New Jersey
18016.0,Tonya,Gardner,M,27,marisapowell@baker-jackson.org,+1-540-760-0690x34847,California
15279.0,Eddie,Spencer,M,64,yatescharlotte@yahoo.com,136-175-2741x5783,New York
17470.0,Richard,Jackson,M,30,torresmolly@gmail.com,+1-143-170-0431,California
16717.0,Erin,Clark,F,55,keithedwards@yahoo.com,(471)842-5010x7395,New York
16905.0,Natalie,Perez,F,47,wpennington@armstrong.net,(303)377-5892x53709,Washington DC
16899.0,Tyler,Fox,M,63,brownstephanie@chavez-schneider.net,990-050-7886x88401,New York
13838.0,Sally,Fuentes,M,29,fisherlaura@gmail.com,+1-196-084-0030,New York
16011.0,Marcus,Kelly,M,62,browndesiree@hotmail.com,047-964-9074x68776,Chicago
15899.0,Vernon,Macias,F,59,mcdowellalicia@flowers.com,(883)475-5929x53019,Washington DC
17090.0,Victor,Fitzgerald,F,67,gclayton@white.net,5258846777,New Jersey
17786.0,Elizabeth,Moran,M,42,timothyjacobs@ross-williams.net,8160985456,California
14437.0,James,Rogers,M,26,wigginsdavid@hotmail.com,0424753939,New York
16711.0,Chelsea,Wilson,M,33,sanchezmorgan@gmail.com,001-008-885-8287,New York
15759.0,Jeffery,Estes,F,50,fbrennan@scott-burnett.net,(888)326-9603x60833,Washington DC
14209.0,Matthew,Bond,F,62,fmoore@berry.biz,001-571-898-2847x7546,Chicago
14715.0,Sydney,Ortiz,F,34,zcarlson@yahoo.com,+1-529-755-1722x49462,California
14242.0,Rachel,Boyer,M,68,meganevans@hotmail.com,001-336-529-0089x0068,New Jersey
12744.0,Lisa,Nolan,F,69,sandy43@hamilton.com,(378)106-2758x84746,New York
14755.0,Austin,Peterson,M,62,turnerjames@ortiz.com,+1-015-726-7113x108,Chicago
17194.0,Eddie,Mason,F,68,robertmarshall@gmail.com,210-311-1213,California
14985.0,Jonathan,Rivera,M,67,philip19@yahoo.com,+1-499-792-9942,California
13481.0,Kristen,Neal,F,29,mercerdanielle@hotmail.com,059.375.1775,New Jersey
13240.0,Megan,Barr,F,33,alan63@gmail.com,8313721780,Washington DC
15218.0,Brandi,Rollins,M,43,perrymason@brock-james.com,+1-013-160-2543x01533,California
15532.0,Jennifer,Manning,F,39,solomonaustin@hotmail.com,969-583-3199x982,California
13750.0,Lindsay,Torres,M,40,rachelhardy@taylor-carter.info,997-557-3556x9026,New Jersey
15215.0,Carl,Gilmore,F,35,adamschristine@taylor.com,+1-757-418-1528x9056,New York
14621.0,Christopher,Riddle,M,46,kevin80@yahoo.com,(230)987-2963x894,Washington DC
13225.0,Misty,Reed,M,45,benjaminvaldez@gmail.com,(098)770-9628,New Jersey
17372.0,Benjamin,Fry,F,62,christopher50@hotmail.com,(100)132-9854x72455,New York
15039.0,Jeffrey,Hunt,F,26,jonathanbennett@yahoo.com,451.068.8779,New Jersey
13815.0,Billy,Oconnell,F,45,nmartin@hotmail.com,917.147.9396,New Jersey
14913.0,Alexis,Forbes,M,46,millscourtney@sweeney.com,+1-569-840-1528,New Jersey
15620.0,Megan,Hess,M,57,joanbrown@hotmail.com,+1-201-338-8877x81515,Chicago
14684.0,Mark,Vega,F,61,eatonsusan@hotmail.com,711.172.7417,New Jersey
15881.0,Eugene,Moore,M,57,stevensandrew@wright-strong.com,(984)829-3100,New York
13246.0,Eduardo,Smith,F,53,russellmarquez@schaefer.org,473-789-3563x6892,New York
12712.0,Diana,Larson,M,48,hallashley@fischer.org,936-434-2245,California
12451.0,Tanya,Bush,M,59,alicia52@gmail.com,258-613-5622,Chicago
15160.0,William,Walls,F,27,colonconnor@gmail.com,(492)050-4759x2931,New York
15213.0,Rachel,Holmes,M,61,robert84@bell.com,001-030-795-6711x131,Chicago
15192.0,Wayne,Terry,M,35,hstanley@mckenzie.com,633.730.3206,California
15845.0,Audrey,Holland,M,68,patricklopez@hotmail.com,(085)615-6066,Chicago
17027.0,Erika,Harris,F,34,ronald42@dickson.info,(556)556-5188x819,New York
16367.0,Linda,Newman,M,18,annflynn@hotmail.com,001-861-314-1443x7924,Washington DC
15708.0,Katherine,Holden,M,44,seancummings@ortiz.com,9748114134,Chicago
18283.0,Vicki,Rodriguez,F,25,josephpalmer@hotmail.com,594.391.8877,Chicago
17816.0,Julie,Barker,M,36,manderson@hotmail.com,(261)661-0375x846,Washington DC
15563.0,Rebecca,Mendez,F,29,shanesmith@yahoo.com,001-700-903-5532x7708,New Jersey
15023.0,Jamie,Bennett,F,30,schwartzerica@yahoo.com,004-821-6865x633,Washington DC
12709.0,Amanda,Leon,M,31,nancyadams@yahoo.com,146-222-9244x564,New Jersey
12601.0,Carmen,Smith,F,26,jennifermurphy@hotmail.com,(157)327-7834,Washington DC
15482.0,Margaret,Stafford,F,58,ybaxter@rivera-lee.com,055-930-2758,Chicago
15281.0,Timothy,Roth,F,36,nmueller@martin-lopez.com,351.419.4128x990,New Jersey
18233.0,Kylie,Castillo,F,35,carneyrandy@mccoy-johnson.org,277.329.3926x0923,New Jersey
13756.0,Paul,Rodriguez,F,60,diana93@yahoo.com,659.718.9851x371,Washington DC
13551.0,Brenda,Chavez,M,62,rrodriguez@hotmail.com,7027312699,Chicago
12971.0,Melissa,Silva,M,52,wademichael@hotmail.com,026.559.9503x42424,Chicago
13539.0,Lauren,King,M,29,howardsteven@collins.com,780-056-9093x5358,Chicago
17179.0,Diane,Tucker,F,41,mathewscarrie@simpson.net,+1-419-125-8259,New Jersey
12908.0,Aaron,Rowe,F,24,jmcmahon@gmail.com,(049)552-1514,New Jersey
14439.0,Hunter,Livingston,M,32,heathconnie@hotmail.com,1870599146,New Jersey
17329.0,William,Hoffman,F,64,christophersaunders@hotmail.com,(992)124-4055x785,Chicago
12915.0,Jonathan,Wilcox,F,68,tharvey@yahoo.com,237.359.0111x68371,California
16713.0,Cameron,Miller,F,61,mooretiffany@hotmail.com,(730)962-8955x3409,California
14167.0,Michelle,Gates,M,19,lnoble@gmail.com,+1-157-024-1672x9462,New Jersey
18219.0,Sherri,Mccall,F,32,ruizjennifer@hotmail.com,+1-024-260-3791,New Jersey
14243.0,Kevin,Jackson,F,55,pharvey@yahoo.com,9392988523,Chicago
15301.0,Ricky,Carey,F,24,cford@thomas.com,7897859571,Chicago
13487.0,Lisa,Atkinson,F,65,brendahendrix@hotmail.com,(779)769-2660x64043,California
18239.0,Bryan,Johns,F,62,thompsonadam@hotmail.com,9445953324,California
16403.0,Danielle,Holmes,F,27,aramirez@hotmail.com,001-961-162-7408,Washington DC
17364.0,David,Franklin,F,21,kevin00@gmail.com,070-055-0424x14456,Chicago
15923.0,Justin,Clark,F,27,ptownsend@williams.info,253.298.4034x640,New York
17702.0,Maria,Erickson,M,52,adamsandrew@obrien-jones.com,371-718-5932x15049,Washington DC
16593.0,Brian,Sullivan,F,48,kgill@allen.net,001-010-331-2190x99708,Chicago
15723.0,Barry,Smith,F,19,solistracy@brewer.org,677-163-7087,New York
14798.0,Robert,Taylor,M,56,walshstephanie@tate-baker.com,478-095-9773x93144,New York
17569.0,Travis,Price,M,32,lauren18@gmail.com,5157822380,New Jersey
13174.0,Michelle,Mcclure,M,34,jessica83@gregory.com,(245)833-8813x9392,New Jersey
16353.0,Jennifer,Cunningham,F,48,ericgomez@gmail.com,(228)368-6843,New York
18097.0,Emily,Hendricks,F,68,gmcdowell@yahoo.com,7251618919,New York
17019.0,Edward,Noble,F,31,watsonraymond@ochoa.net,+1-953-831-0046x5100,Washington DC
13854.0,Valerie,Miller,M,40,sarah95@goodwin.com,045-895-4113,New York
13198.0,Robert,Chapman,M,64,lauramurphy@moss.com,498-068-2140x1392,New Jersey
16351.0,Cheryl,Cook,M,53,steven16@gmail.com,7151550614,New Jersey
16679.0,Paul,Hunter,F,41,rachel99@hotmail.com,+1-646-188-5555,New Jersey
16549.0,Brandon,Gibson,M,55,amywood@lowery-brown.biz,(832)677-7785x9022,California
16938.0,Thomas,Castillo,F,47,joshua02@yahoo.com,(808)759-6334,Washington DC
12594.0,Edward,Garcia,F,63,jamescoleman@hotmail.com,427-845-2141x02498,Washington DC
14589.0,Antonio,Whitaker,M,60,gregorymontgomery@davis.biz,(002)010-7500,Washington DC
14217.0,Christina,Henry,F,44,jason99@mccarty.com,001-446-029-6419x41723,California
16883.0,Crystal,Newman,M,36,michaelparrish@yahoo.com,477.162.5963x5507,Washington DC
14309.0,Daniel,Kennedy,F,40,liroger@hotmail.com,840.104.1486,California
17621.0,Andrea,White,M,24,paul53@rosales.biz,001-618-800-9706x82930,California
16419.0,Michael,Weaver,F,28,jennifer33@gmail.com,973-654-4807,New York
17293.0,Patrick,Moore,M,61,isaacwilliams@yahoo.com,(513)982-5177,California
16059.0,Kimberly,Phelps,F,19,hartmanamy@diaz.com,815-412-2438,Chicago
16532.0,Tracy,Decker,M,27,xmorgan@yahoo.com,+1-068-152-2598x565,Chicago
14114.0,Nicole,Thomas,M,44,crodgers@hotmail.com,2730422203,Washington DC
13728.0,Chelsea,Jones,F,66,itaylor@gomez.com,811.778.1919,Chicago
15510.0,Tanner,Jones,F,33,elizabeth14@yahoo.com,(692)239-6830x9977,New York
15834.0,Cynthia,Long,M,35,halemonique@sawyer.info,(596)138-0511x5542,Chicago
13495.0,Matthew,Benton,F,37,charlesclark@stuart.com,509-963-6254,California
16033.0,David,Hawkins,M,37,heather05@brown.biz,001-899-992-8230x33837,Chicago
16250.0,Felicia,Baker,M,19,ialvarez@newman.info,(566)091-8184,New Jersey
14396.0,Christy,Hall,M,45,tapiaalicia@hotmail.com,027-470-1219x310,New York
15512.0,Kristina,Rodriguez,F,69,igarcia@andrews-rocha.org,1030717414,Washington DC
13408.0,David,Thomas,M,54,kaneamanda@hotmail.com,(256)005-3878,New Jersey
16660.0,Rhonda,Cain,M,53,brookemurray@chavez.net,431.214.4867x973,New York
17188.0,Lauren,Taylor,F,27,ygilmore@roberson-walton.info,689-588-1376x6894,New York
14866.0,Sabrina,Shields,F,59,wolfbarbara@hotmail.com,843-043-5574x393,New York
13629.0,Monique,Morrow,M,31,ewashington@coleman-hines.com,+1-268-401-8035x63162,Chicago
17744.0,Erin,Taylor,F,24,patrick39@johnson.org,001-283-486-7631,Chicago
15180.0,Lisa,Hansen,F,42,heatherfloyd@hotmail.com,8595076949,New Jersey
17251.0,April,Smith,M,28,nharrell@barajas.biz,799.239.9582,New Jersey
15664.0,Kristen,Atkins,F,61,jensenmike@hernandez-roman.biz,588-566-9750,California
15640.0,Jaime,Grant,M,55,bakermichael@yahoo.com,174-387-9878,California
17524.0,Kimberly,Campos,M,23,lisa64@gmail.com,+1-483-619-9370x3155,California
16496.0,Sean,Henry,M,58,frichardson@smith-valencia.biz,965-372-1383x733,New York
14257.0,Katherine,Vaughn,M,33,prollins@barry.com,(861)327-1354,Washington DC
16265.0,Stanley,Velazquez,M,32,clarkkenneth@turner.com,020.219.0357x67424,California
14442.0,Kristine,Hansen,M,39,barbaraschroeder@walsh-carter.com,779.348.8982x9324,New Jersey
13953.0,Charles,Baxter,M,18,ismith@davidson-jones.com,659-769-9816,Washington DC
16321.0,Bradley,Cooper,M,53,james82@hotmail.com,926-004-8524x979,California
14702.0,Sarah,Davis,F,51,derek56@hotmail.com,001-558-869-6122x3188,Chicago
16995.0,Todd,Smith,M,32,shannon62@hotmail.com,+1-431-770-4207x81264,California
13824.0,Rachel,Perez,F,24,josephbarnes@yahoo.com,+1-375-964-8000x512,California
16701.0,Shirley,Roberson,M,42,cooperlatasha@yahoo.com,001-404-066-0168x4334,New York
17404.0,Elizabeth,Collins,F,21,morrismichael@hotmail.com,156-805-3460,New York
12539.0,Ashley,Walker,M,22,boltonmarie@hotmail.com,952.106.8240x549,California
15581.0,Jason,Simpson,M,55,cindy57@gmail.com,+1-972-149-8287x4018,New York
17324.0,Clayton,Arroyo,M,58,abeltran@hotmail.com,696.906.5158,Chicago
15820.0,Lori,Hicks,F,49,oweaver@gomez.org,885.267.3074,Washington DC
14667.0,Pamela,Peterson,M,45,trobinson@gmail.com,344.202.2925x9340,Washington DC
13148.0,Kimberly,Jones,F,68,cassiehutchinson@hotmail.com,925.908.8268x379,New York
16839.0,Holly,Berry,M,59,dwilson@flores-williams.com,(355)949-6893x65022,California
18118.0,Robert,Perez,F,21,rwright@navarro.com,001-167-309-6197x42175,Chicago
16081.0,Kevin,Richardson,F,52,shellystevenson@holder.com,(551)088-8770x10291,Chicago
14713.0,Daniel,James,M,59,edward63@poole.com,(442)477-7659x5582,New Jersey
15607.0,Ronald,Chang,F,31,toddturner@gmail.com,(187)571-1315x4293,New York
13859.0,Ashlee,Hall,M,67,jeffery05@meza.com,+1-619-680-3520x1680,New Jersey
18171.0,Sandra,Boyle,M,35,rhill@hotmail.com,(199)214-9870x891,New York
14404.0,Shari,Newton,M,60,escobarmark@yahoo.com,(034)152-5309,New Jersey
16885.0,Robert,Castillo,M,58,nicholskiara@gmail.com,001-661-169-8810x8987,California
18161.0,Cory,Gilmore,M,63,zrose@yahoo.com,001-153-694-8900x269,New York
15394.0,Kim,Howard,M,28,lisajones@scott.com,729.544.0013,Washington DC
13948.0,Jessica,Cruz,M,56,vhansen@gmail.com,001-816-051-5457,New York
14450.0,Anthony,Anderson,M,60,schroederamy@yahoo.com,+1-084-958-5519x22452,Washington DC
17889.0,Sean,Osborne,F,21,lortega@hansen.com,(517)628-5837x63259,New Jersey
16904.0,Gina,Morales,F,45,deborah77@gmail.com,001-879-412-3530x3819,New Jersey
14794.0,Anthony,Mason,M,33,xkramer@gmail.com,105.790.9227x19581,California
15713.0,Samantha,Ruiz,F,68,katherine72@hill.info,380-021-3722x128,Washington DC
17228.0,Suzanne,Douglas,F,52,ernestjones@gmail.com,+1-109-494-3939x125,California
15513.0,Jennifer,Brooks,F,54,zjohnson@gomez.com,916-122-8981,Chicago
14572.0,Christian,Moon,M,60,mhiggins@hotmail.com,001-322-485-9930x564,Washington DC
15811.0,Chad,Reynolds,F,57,bmccarty@ryan-wilson.net,777-611-2813x0891,New York
13284.0,Michael,Howard,F,68,austinnathan@hotmail.com,651-579-6738,Washington DC
12734.0,Anthony,Morales,F,62,elizabeth25@walker-poole.net,6734787506,New Jersey
12359.0,Michael,Miranda,M,38,sandra97@bryant.org,048.296.6541,California
17849.0,Alejandro,Kaiser,M,43,mpatterson@gmail.com,436-557-7372x6417,Chicago
17218.0,Terri,Delacruz,F,29,frankbrad@gmail.com,281-429-4253x77414,California
14292.0,Lori,Castillo,M,62,martinjason@rodriguez.net,009-075-0600x01145,Chicago
12870.0,Chad,Carter,M,35,nicholaswilson@palmer-perez.info,5805362588,New Jersey
13959.0,Patricia,Griffin,F,23,rodriguezalicia@booker.com,001-804-157-8197x353,California
15750.0,Jared,Cooper,M,37,benderhector@carpenter-durham.com,(641)597-5789x39064,New York
15034.0,Jamie,Sanchez,M,25,mary99@gmail.com,564.370.4532x526,New York
18037.0,Emily,Lopez,M,22,kathryn72@yahoo.com,317-767-0488x30042,California
14189.0,Shawna,Blanchard,F,49,davidoliver@wells-brown.com,282-878-5398x0270,California
15939.0,David,Porter,F,47,corey06@hernandez.com,+1-030-968-1561,Chicago
12963.0,Adrian,Rodriguez,M,60,raynicholas@kennedy.com,229-069-6830x28734,California
17951.0,Mike,Reyes,F,68,brivera@hotmail.com,9554899357,Chicago
13138.0,Angel,Price,F,45,watkinsthomas@steele.net,(180)489-3778,California
14639.0,Cassidy,Palmer,M,50,john35@hunter.com,+1-208-421-6761,California
16912.0,Michele,Whitney,M,61,sharonlopez@weber.com,421-394-2094,Washington DC
14466.0,Jacob,Bray,F,59,laurieharper@nichols.com,(733)916-8050,Chicago
16843.0,Daniel,Knight,M,36,ohayes@davis.com,+1-453-746-6710,New Jersey
16892.0,Maxwell,Montgomery,F,47,charlesgreen@yahoo.com,001-940-973-9735x4739,New York
14044.0,Susan,Lowe,F,31,deanrodriguez@gmail.com,005-303-6701,Chicago
17809.0,David,Shaw,F,68,johnny01@stephens.com,001-042-259-1159x511,California
18071.0,Tammy,Tucker,M,62,rodriguezjames@wagner.info,+1-336-204-0716,New York
17619.0,Michael,Edwards,M,27,hancockroger@gmail.com,001-980-623-5051x813,California
14237.0,Thomas,Sutton,M,26,knewman@anderson.biz,750-234-8858x41507,New Jersey
15081.0,Kelly,Davis,F,43,michelleknapp@yahoo.com,+1-414-157-0162,Chicago
16570.0,Sharon,Stewart,F,51,dli@dickson-fleming.info,5778429902,Chicago
17917.0,Susan,Macdonald,F,35,james20@mckenzie-parrish.com,(153)842-1529x279,California
17975.0,Cynthia,Perez,F,67,ashley23@hotmail.com,001-247-497-6269,California
14841.0,Jack,Ponce,M,65,twilson@griffin.com,001-631-189-2064x35720,Chicago
15421.0,Victoria,Joyce,M,34,warnermichael@hotmail.com,530-868-8009x83308,California
13600.0,Curtis,Johnston,F,67,wheelerrachel@hernandez.com,(740)179-0218x8740,Chicago
17356.0,Beverly,Williams,F,25,mcleanlorraine@gmail.com,+1-655-646-7373x94866,Washington DC
15058.0,Eric,Davis,M,48,matthew97@patel.org,(110)083-9841,New Jersey
14577.0,Rachael,Gonzalez,M,34,nroberts@gmail.com,001-392-614-3116,Chicago
15448.0,Sonya,Murphy,F,40,michael52@lee-brown.com,+1-802-749-5569x95298,New Jersey
16676.0,Linda,Wilson,F,55,meganhernandez@gmail.com,205-974-1263x58202,New Jersey
14770.0,Leslie,Robles,F,27,john09@gmail.com,504.866.9847x27573,Washington DC
14368.0,John,Diaz,F,64,martharoberson@hotmail.com,921.805.3489,Chicago
12791.0,Kari,Hall,F,30,destiny81@hotmail.com,(406)226-5716,California
13929.0,Kelly,Williams,M,42,josephjohnson@yahoo.com,249.679.8725,California
14248.0,Robert,Reyes,F,40,jesus45@hotmail.com,001-675-098-8758x54112,Chicago
16560.0,Brandon,Smith,F,32,nichole71@hotmail.com,+1-514-526-2074x369,Chicago
16684.0,David,Wilson,F,63,pgonzalez@cohen.com,828.427.3153,New Jersey
16923.0,Andrew,Jacobs,F,51,debra87@hotmail.com,+1-376-001-3027,New Jersey
12693.0,Christian,Donovan,F,22,iclark@yahoo.com,+1-886-012-3245,New York
13165.0,Charles,Gonzalez,M,23,mclaughlinchristina@yahoo.com,(192)103-4346,New Jersey
14032.0,Robert,Figueroa,F,30,johnsoncharles@lyons.com,+1-244-443-0987x10958,Chicago
16094.0,Andrea,Gonzalez,F,59,webbjennifer@ibarra-brown.net,709-895-3427,New York
17968.0,Joyce,Smith,M,30,christine28@gmail.com,(033)362-5801,New Jersey
15579.0,Douglas,Mosley,M,18,pknight@perez.com,990.586.4096,California
16083.0,Robert,Mathis,F,23,douglas67@gmail.com,119.109.0734x731,New Jersey
14443.0,Dana,Jones,M,40,jerrybrooks@hotmail.com,(167)671-9644,New Jersey
13108.0,Christopher,Thompson,M,59,barajasstephanie@yahoo.com,3349995747,New Jersey
15052.0,Sean,Young,F,51,barry38@green-miller.com,641-408-3590,New Jersey
17277.0,Mike,Hebert,F,67,monica48@gmail.com,(735)440-1507x6011,Washington DC
17419.0,Stacy,Reyes,M,69,jeffreymedina@watson.com,800-654-3075x05901,Chicago
16861.0,Brian,Aguirre,F,19,michellepalmer@gmail.com,(182)992-7738x17954,New York
12877.0,Ricky,Graham,F,28,keith41@hotmail.com,(897)587-5780x58571,Chicago
16863.0,Robert,James,M,24,noblebrenda@perez.com,+1-296-813-8684,New Jersey
15838.0,Jessica,Cannon,F,34,sandra22@tucker.org,001-795-137-1843,California
12386.0,Malik,Gilbert,M,25,erikapineda@hotmail.com,219-005-1893x1563,New York
12600.0,James,Adams,F,45,mcbridemary@gmail.com,001-600-050-6806,Chicago
16161.0,Kelly,Aguilar,M,56,zachary47@lee-clark.info,(303)110-5594,California
15981.0,Thomas,Padilla,M,61,williamfarmer@yahoo.com,620-365-5439,New Jersey
14498.0,Stephanie,Wilcox,M,38,michaelparker@hotmail.com,619.998.4717,California
14829.0,Laura,Byrd,F,59,abennett@clark.net,395-303-1025x98282,Chicago
12836.0,Joshua,Davidson,M,36,dray@howell-mayer.com,001-725-835-2915x99528,New York
14796.0,Angela,Carlson,F,69,patricia10@cook-johnson.com,356-316-5029x620,Chicago
16727.0,Haley,Davis,F,60,grayjillian@gmail.com,001-303-720-9855x0892,California
15732.0,Laura,Landry,F,24,mistyramos@edwards-hayes.com,001-840-753-5087x0543,California
16858.0,Sean,Espinoza,F,56,shawn12@mercer-wright.net,(092)442-2697,Chicago
18141.0,Raymond,Nelson,M,52,vvelazquez@gmail.com,692-578-3568,Chicago
16805.0,Katrina,Schwartz,F,67,jsmith@gmail.com,064.571.8484,Chicago
18061.0,Ryan,Oliver,M,28,nicole32@yahoo.com,858.445.3507x758,California
13069.0,John,Hopkins,F,57,michellecampos@hotmail.com,258.789.7530,Washington DC
16612.0,Shawn,Gray,M,58,amyhuff@foster.com,3766112541,Chicago
17456.0,Sharon,Berry,F,58,opark@gmail.com,(190)668-3105,New Jersey
15898.0,Douglas,Keller,F,45,uoliver@yahoo.com,+1-010-319-1976,California
14107.0,Steven,Harris,F,48,davisedward@gmail.com,378.508.2400,Washington DC
14548.0,Dana,Romero,F,54,brianlopez@hotmail.com,001-079-578-4099x4753,New York
15940.0,Timothy,Martinez,F,52,anthonylopez@hotmail.com,701.820.1199x838,Washington DC
17604.0,James,Garcia,F,43,michael74@cunningham-morris.com,(509)131-5628,New York
14540.0,Aaron,Bartlett,F,45,norristracy@hotmail.com,(674)500-0018x312,Washington DC
17655.0,Holly,Martinez,F,49,kristen11@hotmail.com,(287)662-3411,California
15395.0,Christine,Barry,M,66,amandarichardson@johnson.com,121.868.4508x87388,New Jersey
17999.0,Alan,Harrison,F,61,ucruz@yahoo.com,+1-875-230-9067x2753,California
14534.0,Kenneth,Gibson,F,21,joshuacowan@gutierrez-atkins.com,001-211-755-6335,Washington DC
12916.0,Kayla,Morgan,F,18,joycelawrence@collier.com,(096)091-9266x27329,Washington DC
12586.0,Cristina,Butler,M,55,dianalloyd@hotmail.com,269-411-7781,New York
12731.0,Amy,Bennett,M,57,dillonwest@montoya-montoya.com,6223679329,Chicago
14800.0,Eric,Cunningham,M,30,julie65@murphy.com,001-645-279-3828,California
16546.0,Jasmine,Rogers,M,38,ethomas@hall.info,182.067.4324,New York
17880.0,Thomas,Short,F,29,wallacejennifer@hotmail.com,(184)671-1019x5850,Washington DC
16163.0,Erika,Hall,F,30,mmiller@wilkins.biz,(983)830-0930x69693,Washington DC
17691.0,Kathleen,Wright,F,68,bradleystafford@yahoo.com,021.536.4810,Chicago
16168.0,Jesse,Castillo,M,45,jeffreyhall@hotmail.com,1068880949,California
16735.0,Kathleen,Mcconnell,F,65,stephanieestrada@hotmail.com,932-853-0233x5449,Washington DC
12854.0,Joshua,Johnson,F,39,irwinadam@wilson.com,+1-186-015-9369x234,New Jersey
12476.0,Tracey,Cummings,M,62,matthewrose@miller-lawrence.com,244-359-8491x703,Chicago
12970.0,David,Smith,F,30,dixonbrett@gmail.com,001-722-587-2067x994,Chicago
13161.0,Nicole,Sullivan,M,65,jennifer21@yahoo.com,+1-242-585-7134,New York
15062.0,Billy,Duran,F,35,george63@hotmail.com,+1-437-800-5466x310,New York
13113.0,Jonathan,Griffin,F,57,martinezerik@schmitt.net,001-921-817-8711x4248,New York
12664.0,Alicia,Jordan,M,49,espinozastacey@smith.com,041-237-3295,Washington DC
14462.0,Bonnie,King,M,65,milleralexandra@gmail.com,5737387283,Chicago
16835.0,Randy,Alvarez,F,47,ronald60@hotmail.com,0083037473,California
15311.0,Curtis,Perez,M,19,robert57@hotmail.com,+1-354-670-0836x099,New Jersey
15464.0,Johnny,Campbell,F,55,camachotrevor@gmail.com,001-280-242-9169,Washington DC
13782.0,Justin,Valdez,F,18,clarkjeremy@stone.com,+1-868-621-7320x9571,Washington DC
13141.0,Karina,Greene,M,41,linda77@hotmail.com,001-606-078-1600x4166,California
17085.0,Regina,Noble,F,31,jamesflowers@hotmail.com,(960)126-1197x0695,Washington DC
18077.0,Caitlin,Novak,M,26,judith43@grant.net,+1-064-323-4809x000,California
18069.0,Austin,Boyd,F,38,davidmiller@gmail.com,006-676-6954x24483,California
14895.0,Laura,Miller,M,36,andersoncarl@gmail.com,837-411-3301x5064,Chicago
12421.0,Kevin,Evans,M,34,wilsonnicholas@torres.org,743-093-2809x6278,Washington DC
14270.0,Matthew,Holmes,F,31,frederickarmstrong@pitts-gilmore.org,660-804-6032x05498,Washington DC
13473.0,Alyssa,Nunez,M,26,gleach@wilson.info,332-645-0882x097,New Jersey
17937.0,John,Shah,M,24,guzmankenneth@green.info,(226)869-9622,California
14524.0,Samantha,Moore,M,45,nicole98@mccullough-turner.info,613-210-2668x56773,New Jersey
12875.0,Frank,Johnson,F,55,zrodriguez@martinez.org,057-266-3756,New Jersey
15805.0,Robert,Berg,F,53,masoncarlos@russell.biz,+1-398-066-9658x168,New Jersey
13798.0,Keith,Trujillo,M,58,camachorachel@salas-nelson.org,0621160838,New York
15002.0,April,Cannon,M,44,oriley@gmail.com,(357)767-5495,Chicago
16477.0,Audrey,Mcdonald,M,48,thompsonlonnie@diaz.com,3126672012,California
16519.0,Courtney,Byrd,M,30,kellyerika@yahoo.com,850-234-0455x421,Washington DC
17560.0,Amanda,Jenkins,M,63,mhudson@hotmail.com,913.241.7568x904,New York
15070.0,Robert,Lee,F,34,justinfields@wolf.com,(115)476-4636,New York
17044.0,Cynthia,Myers,F,41,ryan69@jimenez.com,+1-303-115-9338x352,New York
14221.0,Richard,Cobb,M,68,molinaemma@davis-harmon.com,183-066-0062x163,Washington DC
16401.0,Kimberly,Pham,F,60,jennifer63@yahoo.com,001-567-489-8736x430,New York
14229.0,Kristin,Woodward,M,26,garciawilliam@sosa.com,030-805-0019x724,New York
17147.0,Kelly,Barron,M,34,tanya55@gmail.com,(368)814-4949,Washington DC
12855.0,Nathan,Fleming,M,36,christopher54@hotmail.com,099.816.6872,Chicago
17238.0,Courtney,Meyer,F,28,robertfoster@hotmail.com,001-000-626-9748,New York
14549.0,Eric,Ramsey,F,33,racheladams@zamora.com,6208274845,California
12395.0,Heidi,White,F,56,allenmathew@garrett.com,+1-178-774-4540x5574,Chicago
16746.0,Patrick,Leblanc,M,42,shelleyrobinson@yahoo.com,437.214.8912x70364,Washington DC
15415.0,Brittany,Marquez,M,54,bakertaylor@norton-cox.org,956-115-7747x483,Chicago
13027.0,Donald,Wheeler,M,65,schroederdavid@miller-daniels.com,001-882-350-3018x07477,Chicago
16455.0,Elizabeth,Hamilton,F,18,pperry@hill-nelson.com,001-623-344-1724,New Jersey
12477.0,Michael,Schultz,F,21,jeff46@morgan-cross.com,612-671-7287x1909,Washington DC
16552.0,Thomas,Williamson,F,44,stephenperkins@johnson-clarke.com,(578)588-4825x873,Chicago
13448.0,Robert,Nolan,F,38,donna94@hotmail.com,001-984-234-7778x158,Washington DC
14782.0,Thomas,Duncan,M,65,dianesmith@yahoo.com,038.108.4987,New York
15797.0,Heather,Lewis,F,65,alexanderpamela@barry.info,909-279-2659,Washington DC
17714.0,Lucas,Alexander,M,51,marshalljennifer@hill.info,545-047-6469,Chicago
15696.0,Denise,Sanchez,M,42,wongvictoria@hotmail.com,495-041-3803,Washington DC
17303.0,Brian,Stein,F,36,tyler75@hotmail.com,354.606.0586,New Jersey
15518.0,Kevin,Bridges,F,58,wilsonsydney@gmail.com,+1-929-025-5018x8181,New Jersey
14813.0,Julie,Peters,F,27,ljones@yahoo.com,219.328.6632,New Jersey
12591.0,Brian,Gonzalez,F,26,donaldpope@jenkins.com,+1-544-978-1155x226,Washington DC
18179.0,Christine,Williams,F,25,timothyjackson@moore-davis.com,001-235-719-5564x24601,Chicago
14657.0,Anthony,Anderson,M,46,bergdanny@yahoo.com,+1-087-170-9795,New York
17696.0,Thomas,Ramos,M,65,brendafrederick@gmail.com,246-284-6122,California
14871.0,Pamela,Craig,F,59,bmarquez@yahoo.com,+1-525-774-8112x1106,New York
14916.0,Alejandro,Walker,F,37,phillipsamber@yahoo.com,118-439-5555,New Jersey
14409.0,Alison,Cohen,M,40,christopher34@yahoo.com,344.985.9087,Chicago
16221.0,Carl,Atkins,F,21,lindseyrodriguez@henderson-evans.com,001-825-584-5610x588,Washington DC
12785.0,Michelle,Todd,M,32,horntaylor@moss-patterson.com,(671)144-8948,Washington DC
16133.0,Gina,Coleman,M,20,zhenderson@hotmail.com,503.323.0514x75832,Chicago
12779.0,Judy,Brewer,M,41,tkim@hotmail.com,229-331-3262x07839,Chicago
17591.0,Elizabeth,Mcneil,M,61,gmitchell@white.com,(862)387-8387,New Jersey
13784.0,Adam,Mcclure,F,42,stewartadam@gmail.com,001-532-283-1457x5410,New Jersey
16013.0,Blake,Morgan,M,38,adamsdenise@yahoo.com,311-499-7553,Chicago
13295.0,Christine,Jennings,F,53,jonathanthornton@harper.com,652-937-3028,New Jersey
15093.0,Yvonne,Martin,F,64,gonzalezcody@williams.com,909.384.2428,California
14264.0,Morgan,Grant,F,50,xmoore@gmail.com,389.350.5884x263,Washington DC
17428.0,Holly,Kelly,F,52,dcruz@duran.info,411-499-1950x07070,New Jersey
16919.0,Jessica,Kim,F,60,glynch@crane.org,842-530-6613x4843,New Jersey
16539.0,Jeremy,Gonzales,F,46,sherri29@huang-hoover.org,001-198-282-7390x61003,New Jersey
14088.0,Karen,Alvarado,M,55,zroberts@yahoo.com,(258)936-3234x790,Chicago
14460.0,Keith,Singleton,M,54,jennifermiller@hotmail.com,039.661.1840x0620,California
12422.0,Daniel,Mcdonald,M,36,nguyenkimberly@yahoo.com,975.752.7601x28529,New Jersey
14414.0,Steven,Thomas,F,60,kathleen81@gmail.com,715.076.9773,California
15059.0,Mark,Webster,M,53,margaret43@miller.com,+1-693-205-1240x1207,California
14696.0,Gary,Walton,F,57,christopher90@gmail.com,984.674.8361,Chicago
14082.0,Robert,Finley,M,53,christopheranderson@garner.com,001-506-780-8851x2375,New Jersey
17463.0,Phyllis,Long,M,19,fchan@walker.com,001-999-610-2286x389,California
17094.0,Ryan,Marshall,F,47,john14@yahoo.com,(871)774-3074,New Jersey
12551.0,Seth,Fernandez,M,38,drobinson@martinez.net,222-177-4409,New Jersey
15831.0,Jeanne,Mcclain,F,55,amandadiaz@davis.com,001-630-182-6339,New York
17739.0,Alexandria,Padilla,F,53,ewatson@ayers-joseph.com,115-178-6421,Washington DC
18269.0,David,Smith,F,64,taustin@moore-conley.com,001-764-800-3385x05731,New Jersey
12705.0,Renee,Clark,M,52,pbrooks@hotmail.com,(373)411-1028,Chicago
17547.0,Sean,Nash,F,45,isandoval@proctor-walton.com,639.111.8462,Washington DC
18041.0,Kristina,Richards,F,67,stewartmatthew@jacobs.com,358-568-6012,Chicago
16891.0,Paul,Russo,M,32,debbiewilliams@gmail.com,(027)715-2153x4413,Chicago
17949.0,Lindsay,Jenkins,M,60,steven63@anderson.net,498-075-3902,Chicago
16638.0,Perry,Clark,M,48,georgerichard@wall.org,(395)257-9703x51216,New York
14911.0,Jeffrey,Smith,F,45,timosborne@hotmail.com,001-053-530-7847x8450,Washington DC
13754.0,James,Ferrell,M,69,steven57@washington.com,+1-908-344-5591x3053,Chicago
14673.0,Shelby,Taylor,F,22,dmurphy@gmail.com,001-905-065-7312x1842,New York
15885.0,Brenda,Day,M,22,millerrobert@clark-rogers.com,+1-362-174-7266,Washington DC
17460.0,Brandon,Burns,M,24,okelley@yahoo.com,1703287736,Chicago
14680.0,Paul,James,F,59,bwashington@gonzalez-gonzalez.com,001-893-863-4852x062,Chicago
12990.0,Jim,Medina,F,59,washingtoncarly@thompson-livingston.com,481.498.1407,New Jersey
13898.0,Christopher,Miller,F,21,eharper@long.com,499.662.0396x340,Washington DC
14777.0,Jacob,Cordova,M,57,deanna54@gmail.com,001-055-294-2344x7566,California
12527.0,Brian,Vasquez,F,62,kellerarthur@yahoo.com,285-091-1537x871,Chicago
13579.0,Danielle,Smith,M,54,lknight@saunders.net,993-518-2417,Chicago
17062.0,Glenn,Barnes,M,45,grace72@nelson.com,(003)728-3177x213,Chicago
15570.0,Cheryl,Todd,F,31,christophercole@santos-thomas.com,949.599.7196x131,New Jersey
17862.0,Cheyenne,Collins,F,62,sextonjonathan@herman.info,980-569-2070,New Jersey
17226.0,Janet,Mcgee,F,18,pamela16@yahoo.com,+1-795-651-6447x95978,New Jersey
15983.0,William,Saunders,F,28,wpeterson@yahoo.com,001-536-541-5327x8819,Washington DC
12500.0,Justin,Allen,M,47,ebony73@williams.com,391-507-4338x854,New York
12829.0,Natalie,Faulkner,M,32,rhonda30@gmail.com,371.685.4282x442,Washington DC
13418.0,Michael,Johnson,F,18,sabrinasullivan@yahoo.com,841-695-3130,New York
15615.0,Stephen,Boyer,F,18,barbersusan@gmail.com,905-753-9156,California
16274.0,Crystal,Hunt,M,50,madeline59@gmail.com,001-072-797-6562x2560,Washington DC
17041.0,Zachary,Hernandez,M,29,andrew25@meyer.com,+1-303-022-3193x87339,Chicago
17659.0,Stephanie,Green,M,47,melody65@yahoo.com,+1-913-121-7015x2449,California
14733.0,Stephanie,Watkins,F,23,ocarter@hotmail.com,(816)151-5576x42490,Chicago
13097.0,Sarah,Ramirez,F,23,megan57@orozco.info,803.117.9577x682,New York
18176.0,Sarah,Roberson,M,48,jason14@dunn-peterson.com,769.495.2263,New Jersey
13693.0,Bianca,Robinson,F,36,timothy93@beck-baker.com,2943662052,New York
13158.0,Tracy,Cruz,M,60,michelle08@hotmail.com,001-683-554-2410x92912,Washington DC
13652.0,Janet,Hunter,F,34,rallen@schaefer.biz,(551)702-9975x836,California
16997.0,Jason,Morgan,M,35,jeremymalone@lang.com,(765)652-8145,California
12637.0,Joseph,Holloway,F,29,laura26@rodriguez.com,131.300.8486,California
15687.0,Bradley,Baker,F,27,staceyrichardson@fox.com,711-605-7721,New York
15503.0,Francisco,Davis,M,27,joshuapoole@santana.info,367-810-8697x4839,Washington DC
12931.0,Adam,Moore,M,44,garzamadison@matthews.com,916-240-1718x4404,New Jersey
16202.0,Diamond,Sims,M,30,fergusonholly@norman-mccarthy.net,+1-824-520-0253x06594,California
17596.0,Donald,Elliott,M,18,richardtaylor@yahoo.com,(400)427-4992x54709,New Jersey
17128.0,Kristin,Brown,F,57,fjones@kennedy-larson.com,414-530-1756,California
16897.0,Erin,Kaiser,M,46,fitzpatrickmichelle@baker-williams.org,942.728.1282x89053,California
15889.0,Tara,Mendoza,F,31,margaret76@ware.com,658-823-2499x313,New York
15061.0,Randy,Flores,M,41,paul45@carlson.com,+1-578-132-4954x6925,Chicago
14448.0,Sandra,Daniel,M,66,nelsonmichael@gmail.com,518-601-9678x00698,California
14496.0,Shawn,Johnson,M,45,marywagner@yahoo.com,336-308-5285x390,Chicago
17214.0,Matthew,Hamilton,F,61,annerodriguez@yahoo.com,901.816.1715,New York
15235.0,Curtis,Beck,F,43,michelle47@patterson.net,969.759.7692x8383,California
13270.0,Nicole,Hayden,F,38,toddanderson@yahoo.com,(191)880-7806,Washington DC
14373.0,Laura,Gill,M,65,clarkcameron@yahoo.com,783-847-3265x508,California
14057.0,Marcus,Mcclure,M,30,hsanders@yahoo.com,(347)264-2394x8377,California
14298.0,Stephen,Wilson,F,42,douglas42@jackson.com,1012750935,Washington DC
16293.0,Mark,Jordan,F,23,amandalynch@yahoo.com,073-021-2912,Washington DC
15780.0,Anthony,Johnson,F,52,zrose@carter-ramos.com,495-124-9344,California
16255.0,Bradley,Nelson,M,30,irodriguez@yahoo.com,001-943-024-1288x5495,New Jersey
13707.0,Miguel,Cruz,M,61,nthompson@hotmail.com,001-673-810-3929x9953,New York
14532.0,Jason,Cooper,F,33,pettymarisa@bailey.com,+1-125-379-9773,New Jersey
13309.0,Alice,Brooks,M,39,jeffreyrussell@hotmail.com,511.816.2711x3763,California
15181.0,Jacob,Pratt,F,54,birdalyssa@mason-bauer.info,+1-960-322-5219x51525,Chicago
12483.0,James,Lopez,F,67,twilliams@yahoo.com,001-483-746-0705,Washington DC
14188.0,Emily,Summers,F,62,wilkinsmartha@yahoo.com,826.660.1514x0618,Washington DC
16816.0,Jill,Weaver,M,30,diana76@hotmail.com,001-806-822-3648,Chicago
14627.0,Larry,Morgan,M,66,hutchinsoncharles@gmail.com,646-728-5854x5886,New York
17511.0,Michelle,Tran,F,52,joshuarandall@ewing-medina.com,(330)160-9847x771,New York
12682.0,Jonathan,Martin,F,23,johndavis@yahoo.com,001-249-533-2860x416,California
14766.0,Maurice,Simpson,M,38,kylewells@santiago.com,617.404.9168x4510,California
16618.0,Jennifer,Johnson,F,49,dustin67@morris-horn.com,357.852.7618x8259,Washington DC
17555.0,Bradley,Roy,F,52,paula92@russell.net,(560)360-2633,Chicago
17905.0,Sarah,Rivera,F,41,scottmiller@hotmail.com,075.963.7074x79253,Chicago
12808.0,Charles,Cooper,F,37,sgonzalez@hotmail.com,(708)929-6959,New Jersey
15950.0,Steven,Carney,M,39,kevinkeller@gmail.com,(144)978-3294,New York
15353.0,Jenny,Austin,F,65,dickersonvanessa@gmail.com,795-251-6988,New York
15012.0,Brandon,Butler,F,24,morgan18@hotmail.com,1562452915,California
14970.0,Lisa,Gibbs,M,22,cherrybrian@gmail.com,(862)404-0869x32849,California
16233.0,Tiffany,Jones,F,27,leonjessica@gmail.com,005-690-0397x28802,New York
17118.0,Steven,Duncan,M,42,brittneykim@yahoo.com,(837)321-5081x744,New Jersey
15351.0,David,Meyer,F,65,dmcdaniel@hotmail.com,+1-694-432-5477x377,California
16654.0,Christopher,Callahan,M,50,ramoserika@jones-crosby.net,364.345.1478,California
17920.0,Corey,Willis,F,28,ngarcia@gmail.com,(172)737-0269,New Jersey
17507.0,Kathy,Washington,M,44,zmclean@benton-brown.org,(855)883-9863,Washington DC
15544.0,Robert,Meyer,F,45,harold74@webb.com,+1-348-090-0165x514,New York
13117.0,Samantha,Casey,F,34,troymiles@yahoo.com,2995421634,Chicago
15044.0,Scott,Reed,M,52,james53@hotmail.com,708-672-3512x0034,Chicago
13497.0,Chris,Grant,M,40,tonyahays@jackson-barnes.org,001-151-525-1307x812,Chicago
13092.0,Ronald,Zimmerman,M,46,athompson@yahoo.com,312-352-5834,Chicago
18230.0,Kari,Cowan,F,46,melvin95@burke-haynes.org,+1-320-931-8948,Chicago
17306.0,Maria,Steele,F,67,grayjamie@hotmail.com,291-666-5908x925,Washington DC
12350.0,Benjamin,Hayden,M,32,vbarrett@romero-hawkins.com,+1-584-489-4382x236,New York
14083.0,Henry,Ross,M,55,wrubio@gmail.com,(182)157-0514x6961,California
17961.0,Tracy,Lynch,F,43,jessicamejia@anderson-lutz.com,039-797-9318x2738,Chicago
18119.0,David,Mcgee,M,23,nicholassavage@gmail.com,287.708.1600,New Jersey
14708.0,Monica,Bailey,M,20,twood@yahoo.com,0564993589,Chicago
14944.0,Sarah,Adams,M,53,rosariotaylor@yahoo.com,634-032-2473x3921,Washington DC
17337.0,Luis,Kaufman,M,29,butlercharlotte@forbes-armstrong.info,+1-401-279-2260x381,New York
12434.0,Ryan,Bailey,M,69,jessica92@yahoo.com,001-562-568-0040,New Jersey
17158.0,Angela,Cooke,M,31,nthomas@yahoo.com,+1-002-940-9780x480,Chicago
14224.0,Justin,Phelps,M,53,htaylor@ward.info,1623853198,Washington DC
14415.0,Amber,Robinson,M,49,tamaramoran@harris.com,391-186-4655x061,Chicago
14419.0,James,Clayton,F,48,michelle13@stephens.biz,624-604-8725x5224,Chicago
18065.0,Kenneth,Terrell,M,23,davidgrant@yahoo.com,+1-250-716-6178x82080,New Jersey
14739.0,Scott,Hill,M,47,dianareese@jenkins.com,(826)571-0713x94307,Washington DC
14553.0,Cassandra,Beck,F,45,megan07@yahoo.com,(252)532-4318,New York
16931.0,Amanda,Hammond,F,19,billy09@gmail.com,058.158.8480,Washington DC
18225.0,Jose,Miller,F,58,thomasjames@day.com,001-969-417-7755x2614,New York
16814.0,Jesse,Weiss,F,44,lesliesims@patel.info,001-271-965-0041,New York
12559.0,David,Parker,M,46,ocunningham@moran.info,001-117-454-3541,New York
12775.0,Kristen,Mccarthy,M,57,pearsonrobert@cooper.net,546-044-6246,New York
15167.0,Corey,Clements,F,57,watsontheresa@howard.com,850.596.4403x55167,Washington DC
12754.0,Jessica,Johnson,F,51,logandillon@brown.info,+1-306-489-8539x39881,New Jersey
17375.0,John,Carr,F,59,wjimenez@hotmail.com,+1-111-942-6803x278,New York
15574.0,Justin,Carter,M,65,shanedaniels@gutierrez.info,(903)282-0895x5021,California
13534.0,Jill,Wilson,F,63,michaelballard@gmail.com,001-522-119-5708,New York
12373.0,Donna,Joseph,F,50,lowejeffrey@hotmail.com,+1-498-628-5568x867,California
13126.0,Judy,Werner,M,22,nicoledavis@butler.com,001-719-476-0627,Chicago
17924.0,Zachary,Hunt,M,18,smithlaura@gmail.com,308.911.8030x51367,New York
12484.0,Michele,Reed,F,29,heathermanning@mendoza.com,+1-723-012-1931,California
15497.0,David,Cole,M,69,anitabaldwin@cherry.net,(619)614-8736x7483,New York
17420.0,Deanna,Perry,F,53,richardlittle@mann.info,001-908-688-9736x4924,Washington DC
13255.0,David,Patel,F,22,rmills@saunders.com,+1-919-597-6071x9734,New Jersey
16411.0,Jo,Ortiz,M,44,charlesmarshall@yahoo.com,001-495-849-5326,Chicago
17389.0,Michael,Miller,F,33,shortraymond@yahoo.com,558.365.7424x729,New Jersey
12510.0,Emily,Krause,F,67,gregory68@yahoo.com,157-405-7368,New Jersey
12778.0,Jade,Barajas,F,46,uroberson@bell.com,613-760-3944x9488,Washington DC
18055.0,Donna,Thompson,M,60,jessica97@hotmail.com,(140)152-3148,California
17442.0,Jeffrey,Allen,M,34,lindsey78@hotmail.com,266.857.4843x74605,Chicago
15938.0,Marie,Kim,M,24,strongjerry@parker.biz,+1-747-141-7031,New Jersey
18198.0,John,Hale,F,49,juan03@gmail.com,001-292-098-4902x917,New York
16531.0,April,Johnson,M,20,annatran@hotmail.com,596.627.9318,California
18017.0,Emily,Houston,F,35,qbrown@hotmail.com,(763)542-6365x46869,Chicago
17082.0,Jesus,Little,F,68,smithjennifer@gmail.com,001-709-338-3523,New Jersey
15822.0,Courtney,Adams,F,19,ryanedward@keller.com,799.408.9037x20367,New Jersey
14491.0,Justin,Pitts,F,50,terri97@ramirez-mcdaniel.com,(701)202-0246x151,California
17572.0,George,Stanley,M,51,johnbyrd@hotmail.com,(325)003-4956x91440,New York
13107.0,Lisa,Stewart,F,56,bridget34@jefferson.com,(943)018-5522,New Jersey
13001.0,Angela,Kelley,F,22,nadams@kelly.info,001-857-642-5929x8389,Washington DC
12553.0,Mark,Krause,F,48,xerickson@hotmail.com,+1-348-213-6458,Washington DC
18092.0,Brenda,Williams,F,22,amber59@yahoo.com,001-610-907-6942,California
17757.0,Anthony,Erickson,M,33,diazdavid@mcclure-jimenez.info,001-455-730-4428x9278,Chicago
14299.0,David,Atkinson,F,39,ericfoster@gmail.com,(365)634-3934x662,California
17071.0,Randall,Schwartz,F,69,nicolebowers@turner.org,665-519-4942,California
17646.0,Theresa,Taylor,F,56,kevinstone@gmail.com,001-028-552-1997x274,Chicago
14156.0,William,Harper,F,28,mary93@yahoo.com,(946)350-3142x96682,Chicago
16350.0,Charles,Hartman,F,34,zking@williams-hamilton.biz,7331693744,Chicago
13370.0,Kathy,Barnes,M,20,ndecker@lambert.info,+1-938-825-9703x84666,New York
14258.0,Kimberly,Aguilar,M,64,csampson@gmail.com,678-797-6756x673,New Jersey
18256.0,Kimberly,King,M,64,tracyjones@jones.com,495-337-1899,California
13115.0,Ashley,Edwards,F,64,coxjavier@hotmail.com,152.639.2484,Washington DC
15525.0,Heather,Stokes,M,50,kristinetodd@johnson-rubio.info,4383809673,Chicago
17517.0,Jason,Burns,F,57,saracooper@bolton.info,900-262-7219x90525,Chicago
16634.0,Jessica,Cole,F,41,hwilliams@gmail.com,340-598-8543x23756,Chicago
15363.0,Lisa,Martinez,F,19,allenerin@duarte.info,443.586.8858x5240,New Jersey
13627.0,Kathleen,Brooks,M,54,tanyapotter@chavez.info,+1-226-765-4887x36323,Washington DC
16003.0,Michael,Meyer,F,43,erika69@wolf-allen.com,(115)572-5595x0303,California
15789.0,Brittany,Hall,F,26,qwebb@gmail.com,965-732-7091,New Jersey
16385.0,Cristina,Morton,M,65,michelle94@gmail.com,999-001-0648,New York
18044.0,Rachel,Reyes,F,45,jerrysmith@morris-jones.com,(915)288-3908x9289,Washington DC
17446.0,Daniel,Allen,F,18,dhopkins@yahoo.com,863-245-8344x159,Washington DC
16306.0,Mary,Parker,F,53,geraldburke@hotmail.com,803-466-5807x01362,New York
12413.0,Alicia,Summers,F,44,william16@yahoo.com,001-364-375-5444x9263,California
16279.0,Michael,Strong,M,65,dawn44@griffin-ortiz.biz,326-505-7122x9235,Washington DC
14030.0,Stanley,Horne,M,60,mcculloughrobyn@hotmail.com,0200991695,Chicago
16424.0,Alexander,Smith,F,40,stewartricardo@hotmail.com,183-638-3435x143,California
13506.0,Jeffrey,Molina,F,49,terrykim@hotmail.com,031.392.2531x83652,New Jersey
17869.0,Denise,Fox,M,19,smithmichael@clark.com,+1-533-563-4033x85560,New York
12609.0,Donna,Martinez,M,47,andrea46@steele.com,(965)100-0746,Chicago
17515.0,Troy,Wright,F,21,howardgregory@yahoo.com,001-829-982-9879x32865,Chicago
18259.0,Stephanie,Campbell,M,21,smithjason@hotmail.com,+1-487-858-6741x00950,Chicago
16525.0,Timothy,Powell,M,52,klawson@harris-richardson.org,(514)743-5530x428,New Jersey
13984.0,Lee,Ruiz,F,54,bmeyer@yahoo.com,811.749.5865x4465,Chicago
14295.0,Melanie,Zuniga,M,60,vmunoz@hotmail.com,133-620-9094,Washington DC
16497.0,Jonathon,Brown,M,64,goodwinperry@day.com,(736)046-9368x10739,Chicago
14775.0,Cassandra,Fletcher,M,38,sheltonmark@gmail.com,+1-312-419-1416x926,California
12929.0,Jade,Dickerson,M,59,denise90@hotmail.com,(010)289-3267x814,Washington DC
12503.0,Lorraine,Howard,M,23,scottortiz@hill.com,464-162-0810x3260,Chicago
12753.0,Kristen,Wright,M,42,atkinsondaniel@hotmail.com,(382)970-7838x47191,New Jersey
17287.0,Patrick,Walker,F,37,frankconner@gmail.com,001-736-719-9476x944,Chicago
17091.0,Brian,Turner,F,55,davismonica@gmail.com,573-319-1733x8412,New Jersey
17643.0,Benjamin,Thomas,F,21,lwashington@simpson-johnson.com,001-903-560-4001x49703,Washington DC
14176.0,Jessica,Arnold,M,37,frances32@yahoo.com,264-753-4613,Washington DC
14889.0,Suzanne,Wright,M,41,dalton68@hotmail.com,211.195.5537x1321,Washington DC
12755.0,Matthew,Johnson,F,66,lepaula@yahoo.com,247.745.8464,Washington DC
12683.0,Scott,Hall,M,48,wbyrd@smith.com,387-347-6907,New Jersey
17307.0,Jessica,Hoover,F,48,randallkelly@rodriguez.com,625.774.9312x064,California
17450.0,Diane,Butler,M,43,amandabrooks@gmail.com,001-363-337-6994,New Jersey
14679.0,Jordan,Stephenson,F,25,yjones@mueller.com,0331492484,New Jersey
16019.0,Emily,Acevedo,F,60,grantpaul@hotmail.com,(929)552-5794,Chicago
13531.0,Kevin,Sanchez,F,30,terrykevin@bridges-williams.net,001-954-488-1590,Chicago
12530.0,Michael,Castro,F,22,lhuffman@hall.info,+1-248-809-4609x201,New Jersey
17912.0,Amber,Ibarra,F,66,qrodriguez@macias.com,413.324.6994,New York
17227.0,Jessica,Perkins,F,45,wilsonrichard@faulkner.com,+1-625-259-2477,California
13173.0,Edward,Jackson,M,30,linda39@myers.com,913-622-1837,Washington DC
13102.0,Andrew,Wright,M,65,heathergriffin@robinson-howell.com,+1-933-848-9258x415,Washington DC
14040.0,Courtney,Huerta,M,28,bondgrace@yahoo.com,902.675.6909x5246,Washington DC
12935.0,Angel,Evans,F,61,stacey81@hotmail.com,248.457.8254x1362,Chicago
16218.0,Brady,Dillon,M,64,samanthaortiz@harper.com,(853)378-4828x07945,Chicago
15057.0,Jeremiah,Norton,F,28,sharon64@williams-burton.biz,(993)431-3519,California
16270.0,Desiree,Harmon,M,69,tonya06@gmail.com,276-211-7312x8094,California
15812.0,Carl,Bowen,F,61,elliottjustin@rivers.org,911-725-4322,New Jersey
12377.0,Bryan,Tyler,F,24,fdavis@williams.com,331-220-4842x0213,Chicago
15296.0,Teresa,Boone,M,25,hopkinsjeffery@norton.com,854.587.9488,Washington DC
12944.0,Roberto,Brown,F,18,jessica90@yahoo.com,037-528-7642,New Jersey
17362.0,Patricia,Jackson,F,69,awatkins@yahoo.com,(082)180-3549,New York
13267.0,Jay,Wagner,F,52,robinsonjason@spence-anderson.info,237.346.1958,New York
15046.0,Ryan,Lewis,M,50,butlermark@gmail.com,(520)923-2822x8523,California
17954.0,Michael,Ferguson,F,41,gregory35@yahoo.com,025-570-4667x8664,Chicago
12673.0,Gregory,Snyder,M,18,ian93@yahoo.com,(903)963-1891x00632,Chicago
12578.0,Mark,Martinez,F,25,lcarrillo@weeks.com,(434)066-6496x676,New York
16150.0,Valerie,Miller,F,48,brianacox@rogers.info,001-188-729-3741x6018,California
16893.0,Julie,Smith,F,36,christopher55@norton.com,001-777-592-4846x7067,California
16138.0,Patrick,Bryan,F,50,michele90@ewing.com,830.607.7590x73819,Chicago
17412.0,Robert,Miller,F,20,michelle41@hotmail.com,001-588-316-5155x667,Chicago
16945.0,Joseph,Nixon,F,56,sherrywilson@patel.com,018-698-1059x542,New York
16579.0,Amanda,Terrell,M,30,haley11@campos.com,001-951-274-5539,Washington DC
13969.0,Jill,Reese,M,18,allison43@glenn.com,(410)739-4758,California
14051.0,Gloria,Cole,F,26,qsnyder@larson.com,792-060-7841,Chicago
14395.0,Steven,Hill,F,21,patricia42@nguyen.com,001-042-620-6345x08328,California
12427.0,Bobby,Gutierrez,F,31,nrogers@ballard.com,(031)562-9740,Washington DC
13394.0,Sandra,Reed,F,44,hillanthony@parker.com,529-536-1616x9182,New York
13802.0,Robert,Foster,M,21,qtaylor@hotmail.com,001-228-625-6653x723,Washington DC
13659.0,Peter,Barber,M,56,tcole@alvarez.biz,2482355894,New York
14560.0,Aaron,Stafford,M,24,cgarcia@jackson-morrison.org,001-422-988-1331x314,California
15203.0,Devon,Moore,F,24,devinholmes@gmail.com,074-876-3699x112,New Jersey
13266.0,Misty,Sanchez,M,38,michaelmoody@vasquez-shaw.com,001-405-352-5914,California
13538.0,Willie,Clark,M,20,kelly87@hotmail.com,+1-279-618-8949,New Jersey
15485.0,Jessica,Williams,F,39,victoria03@benson.com,001-633-984-6220x8221,California
16402.0,Eddie,Dickerson,M,65,lreilly@walker.org,033-375-1532,Washington DC
16140.0,Mark,Dixon,M,64,chobbs@gmail.com,001-763-075-7066x9220,New York
18202.0,Mary,Jones,M,36,lacey25@young-carter.com,(727)681-7774,California
15380.0,Lori,Griffin,F,34,deniselewis@hernandez.com,+1-417-882-6811x458,Chicago
13065.0,John,Hayes,M,61,lori17@nichols.info,(502)999-1428x267,New York
16520.0,Andrew,Strickland,F,51,daniel49@jones.com,343-742-1097x311,Washington DC
12747.0,Lindsay,Juarez,F,60,johnsondavid@morris.com,(480)242-0600,California
16992.0,Gary,Taylor,M,23,matthewgarrett@thomas.com,001-067-885-9445x8219,New York
17675.0,Kristin,Sims,M,47,qsmith@hotmail.com,001-275-146-7885x856,Chicago
16725.0,Gabriela,Hicks,M,33,clarkjanice@johnson-hayes.biz,291.962.5445x3292,New York
16714.0,Gary,Smith,M,43,ukramer@hotmail.com,001-701-674-9913,California
14135.0,Christian,Hernandez,M,63,edavis@yahoo.com,427-277-1550,Chicago
16112.0,Sara,Estrada,M,42,millermonica@neal-roy.biz,(829)829-2364x9423,California
16950.0,Carla,Richardson,F,54,theresa70@shaw-torres.org,001-308-644-5386x8916,New Jersey
13078.0,Christine,Stuart,F,18,brianjackson@nguyen-morrison.biz,306-661-8370x709,New York
17585.0,Stephen,Shaw,F,31,martinbrock@thompson-oneill.com,+1-019-214-2841x88609,Chicago
18136.0,Edward,Barker,M,30,jeffrey89@french.biz,(596)624-3642,California
13330.0,Carolyn,Anderson,M,24,arussell@gmail.com,(309)433-7729x9387,New Jersey
15673.0,Johnny,Mendoza,M,67,kylehall@schultz.com,+1-499-339-3776x2458,California
17076.0,Linda,Gross,F,67,jamessmall@hotmail.com,719.991.2461x47984,California
14390.0,Jessica,Bass,F,21,andrejohnson@anderson.biz,151-985-2556x67013,New York
17988.0,Anthony,Gonzalez,M,50,millerkevin@rose.net,+1-718-827-0071,New York
16191.0,Sarah,Sanders,F,69,jeremy81@washington-spencer.org,367-518-3180x4750,New Jersey
12867.0,Barry,Wells,F,67,xyoung@hotmail.com,454-368-8770x4947,New York
12643.0,Christopher,Alexander,F,53,wheelermariah@coleman.info,(829)774-0166x256,Chicago
18032.0,Kelly,Alvarez,M,31,morrissamuel@clark.com,448-000-4122x255,New Jersey
14099.0,Edward,Phillips,F,29,nancy62@mitchell.com,886-593-9941x91304,New York
14662.0,Joel,Stokes,M,35,heatherbrooks@gmail.com,(651)062-4029,Washington DC
16145.0,Michael,Gentry,F,22,dmahoney@garcia-lindsey.com,001-643-518-3000x167,Chicago
17449.0,Jill,Bailey,F,41,donaldlane@hotmail.com,+1-877-707-7693x8666,California
15777.0,Richard,Little,F,65,kathy80@morales-gutierrez.com,049-158-0462x394,Chicago
14825.0,Joseph,James,M,28,donna78@joseph.info,696.488.7589x935,Chicago
16875.0,Travis,Riley,M,56,kpearson@hotmail.com,071-208-7442,Chicago
12605.0,Philip,Dominguez,M,56,fclark@simmons.com,(409)956-4828,Washington DC
17812.0,Lance,Mason,M,66,wandahatfield@yahoo.com,001-121-886-5792x730,Chicago
14236.0,Rachel,Craig,M,54,paulconway@walker.info,008-513-1886x6653,Washington DC
16710.0,Andrea,Sherman,M,47,allison17@yahoo.com,6523757639,Washington DC
13581.0,Tiffany,Bridges,F,43,donaldzhang@gmail.com,379.131.8351,New York
15021.0,Kendra,Lopez,M,53,haley35@morton.com,050.236.1364x9364,Washington DC
15549.0,Ashley,Robinson,F,25,ayersadrian@gmail.com,001-948-333-5761x21108,Washington DC
13848.0,Jose,Robertson,M,18,jamesangela@gmail.com,5186396129,New Jersey
17146.0,Gloria,Hicks,M,18,leeheather@bishop.com,001-672-418-1211x00786,Washington DC
14282.0,Stephen,Morton,M,26,brenda60@yahoo.com,+1-486-740-1760x5427,Chicago
16222.0,Jennifer,Holmes,M,21,thomas04@gmail.com,(941)445-7073x260,California
14127.0,Richard,Mccullough,M,24,john43@hotmail.com,(430)357-2954x76547,Washington DC
12433.0,Tyler,Strickland,F,55,danielleyoung@summers-huang.net,001-190-069-1685,Washington DC
15998.0,Andrew,Hunter,M,25,connorfrench@dunn-dunn.com,+1-232-215-9235x77326,New York
15955.0,Jody,Mckenzie,F,69,egonzalez@yahoo.com,(931)475-2147x293,New York
15347.0,Austin,Alvarez,M,31,colemanmichelle@castro.info,786.172.7071x22182,Chicago
12415.0,Erin,Peterson,M,36,andrea61@hotmail.com,615-881-5666,New Jersey
12921.0,Brandi,Hamilton,F,35,vjones@jones-gutierrez.com,+1-235-723-9781x68035,Washington DC
14594.0,Kimberly,Bryant,F,21,kylehunt@hotmail.com,(636)475-2085x5445,California
17114.0,Keith,Santos,M,26,abigail73@schultz-williams.com,130-739-0016x1455,Washington DC
16098.0,Gina,Williams,F,65,sarah97@hotmail.com,+1-585-905-4322x08686,New Jersey
15373.0,Jamie,Blair,M,61,christopher02@patterson.com,982.271.2102x10869,New Jersey
18043.0,Allison,Donaldson,F,21,debrarichardson@macias-johnson.com,678.809.2133x64832,California
12645.0,Matthew,Ellis,F,62,dustin19@hotmail.com,(696)253-5477x4953,Chicago
12494.0,Tiffany,Jones,F,29,meghangriffin@yahoo.com,593.250.0717x3615,Washington DC
14544.0,Teresa,Harris,F,67,bmullen@yahoo.com,(716)806-1572x83198,Washington DC
15569.0,Jason,Garcia,M,68,aali@obrien.com,(593)092-7072,New York
14748.0,Ashlee,Scott,F,28,davidchapman@burton.info,001-714-122-9578x997,Chicago
17504.0,Mark,Bauer,F,61,mark71@gmail.com,+1-677-823-2509x265,California
17430.0,Tanya,Smith,F,33,debbie69@hughes.com,(542)188-9577,Washington DC
15240.0,Sandra,Russo,F,45,nicole06@mckinney-brooks.com,+1-417-588-8899x64086,New Jersey
15514.0,Brenda,Ayers,F,56,lmorrison@hotmail.com,+1-697-395-1021x376,Chicago
14744.0,Jennifer,Lopez,F,53,vcook@montgomery.com,+1-288-009-3730x98020,New Jersey
17377.0,Erin,Thompson,F,36,westfrank@hanson.com,035-257-0494,New Jersey
14440.0,Michael,Sheppard,M,53,christopherfitzgerald@gilbert-armstrong.com,(332)983-0756,Washington DC
17672.0,Sabrina,Ward,M,39,valenciavalerie@archer.biz,+1-451-683-2791x1754,California
12839.0,Rachel,Cain,M,46,carolyn90@gmail.com,(872)672-6734x1582,California
16745.0,Mark,Smith,F,51,elizabethquinn@gmail.com,653.482.0085x22150,California
14618.0,Julie,Ewing,M,43,hinesanthony@gmail.com,+1-406-588-0085x0040,Washington DC
14001.0,Albert,Smith,F,28,deannamurray@davis.net,823-736-6087,New York
17213.0,Lisa,Lawson,F,19,virginiawood@gmail.com,913.645.3834x49487,California
17191.0,Annette,Hebert,M,39,bhess@cruz-dean.com,854.281.9891x65469,New Jersey
12668.0,Stephanie,Guerra,F,43,rodriguezeric@hotmail.com,650.574.5965x7825,New Jersey
12464.0,Michael,Collins,F,28,jessicajohnson@gmail.com,525-917-4341,New York
14735.0,Connie,Short,M,59,matthew56@yahoo.com,+1-146-069-7204,Chicago
14533.0,Marcus,Long,F,31,leemolly@ellis.biz,001-637-960-3403x70087,Washington DC
16206.0,Kirsten,Porter,M,69,crossdonald@cohen.net,549.419.1098,Washington DC
15589.0,Caroline,Cox,F,20,carlawilson@solomon.org,+1-518-687-9048x320,New Jersey
16262.0,Vanessa,Kelly,F,36,michaelstewart@yahoo.com,001-713-695-7691x5153,California
13817.0,Aaron,Perkins,M,38,jenningsamy@riley.org,906.669.8259x38676,California
16850.0,Donald,Casey,F,25,lhernandez@yahoo.com,001-732-606-5982x351,New York
16333.0,Bradley,Lyons,M,58,paigewilliams@gmail.com,614-093-6087x6590,Chicago
17315.0,David,Tate,F,39,stephanie53@yahoo.com,+1-838-427-7434x90337,California
14821.0,Sarah,Smith,M,55,deborah59@gmail.com,837-072-0361x5798,California
17742.0,Stacy,Schmidt,M,64,sarah24@gmail.com,944-724-0249x57999,New Jersey
17311.0,Timothy,Gomez,F,37,utate@smith-wood.com,+1-256-848-6864x44291,California
